rpm/max,gas,brake,gear,shift_status,jump_gears
0.085448615,0.117647059,0.0,1,1.0,0
0.177621181,0.168627451,0.0,1,1.0,0
0.155590082,0.231372549,0.0,1,1.0,0
0.129725229,0.254901961,0.0,1,1.0,0
0.108148017,0.274509804,0.0,1,1.0,0
0.164909232,0.247058824,0.0,1,1.0,0
0.20534924,0.243137255,0.0,1,2.0,0
0.195918279,0.243137255,0.0,2,1.0,0
0.110151786,0.180392157,0.0,2,1.0,0
0.12360909,0.184313725,0.0,2,1.0,0
0.135619151,0.184313725,0.0,2,1.0,0
0.144499887,0.176470588,0.0,2,2.0,0
0.135209341,0.133333333,0.0,3,1.0,0
0.129704824,0.133333333,0.0,3,1.0,0
0.05213092,0.007843137,0.0,3,1.0,0
0.05323574,0.145098039,0.0,3,1.0,0
0.055959625,0.164705882,0.0,3,1.0,0
0.059039989,0.164705882,0.0,3,1.0,0
0.062329869,0.180392157,0.0,3,1.0,0
0.066856189,0.207843137,0.0,3,1.0,0
0.070832203,0.180392157,0.0,3,1.0,0
0.074084208,0.180392157,0.0,3,1.0,0
0.076811739,0.180392157,0.0,3,1.0,0
0.080272253,0.184313725,0.0,3,1.0,0
0.084007393,0.196078431,0.0,3,1.0,0
0.087582653,0.2,0.0,3,1.0,0
0.091467263,0.207843137,0.0,3,1.0,0
0.095121523,0.207843137,0.0,3,1.0,0
0.098627698,0.2,0.0,3,1.0,0
0.102182223,0.2,0.0,3,1.0,0
0.105916785,0.2,0.0,3,1.0,0
0.109701775,0.2,0.0,3,1.0,0
0.113894432,0.2,0.0,3,1.0,0
0.117361792,0.2,0.0,3,1.0,0
0.120657659,0.2,0.0,3,1.0,0
0.123691306,0.2,0.0,3,1.0,0
0.127100023,0.2,0.0,3,1.0,0
0.130263345,0.2,0.0,3,1.0,0
0.133159531,0.2,0.0,3,1.0,0
0.136269324,0.2,0.0,3,1.0,0
0.139027934,0.2,0.0,3,1.0,0
0.141870854,0.2,0.0,3,1.0,0
0.14497197,0.2,0.0,3,2.0,0
0.139457753,0.207843137,0.0,4,1.0,0
0.115447134,0.2,0.0,4,1.0,0
0.089883862,0.196078431,0.0,4,1.0,0
0.091611636,0.196078431,0.0,4,1.0,0
0.093223444,0.2,0.0,4,1.0,0
0.095068999,0.2,0.0,4,1.0,0
0.096847235,0.2,0.0,4,1.0,0
0.09874218,0.2,0.0,4,1.0,0
0.100629999,0.2,0.0,4,1.0,0
0.102415608,0.2,0.0,4,1.0,0
0.103918856,0.2,0.0,4,1.0,0
0.105787044,0.2,0.0,4,1.0,0
0.107663662,0.2,0.0,4,1.0,0
0.109216315,0.2,0.0,4,1.0,0
0.111027856,0.2,0.0,4,1.0,0
0.112904226,0.211764706,0.0,4,1.0,0
0.115012811,0.215686275,0.0,4,1.0,0
0.116807081,0.215686275,0.0,4,1.0,0
0.118913455,0.215686275,0.0,4,1.0,0
0.121075816,0.211764706,0.0,4,1.0,0
0.122809117,0.211764706,0.0,4,1.0,0
0.124718611,0.211764706,0.0,4,1.0,0
0.126891679,0.211764706,0.0,4,1.0,0
0.12872869,0.211764706,0.0,4,1.0,0
0.130517796,0.211764706,0.0,4,1.0,0
0.132427373,0.211764706,0.0,4,1.0,0
0.13448223,0.211764706,0.0,4,1.0,0
0.136307463,0.211764706,0.0,4,1.0,0
0.138028969,0.211764706,0.0,4,2.0,0
0.124715741,0.211764706,0.0,5,1.0,0
0.076129613,0.207843137,0.0,5,1.0,0
0.076805636,0.2,0.0,5,1.0,0
0.077598466,0.184313725,0.0,5,1.0,0
0.07831144,0.184313725,0.0,5,1.0,0
0.078957654,0.176470588,0.0,5,1.0,0
0.079388183,0.168627451,0.0,5,1.0,0
0.080007789,0.168627451,0.0,5,1.0,0
0.080167999,0.168627451,0.0,5,1.0,0
0.080447325,0.176470588,0.0,5,1.0,0
0.080915663,0.184313725,0.0,5,1.0,0
0.081537562,0.184313725,0.0,5,1.0,0
0.08213066,0.184313725,0.0,5,1.0,0
0.082595748,0.184313725,0.0,5,1.0,0
0.083281486,0.180392157,0.0,5,1.0,0
0.083497617,0.176470588,0.0,5,0.0,0
0.122175802,0.368627451,0.0,4,1.0,0
0.149938948,0.396078431,0.0,4,1.0,0
0.155286423,0.388235294,0.0,4,1.0,0
0.16144956,0.411764706,0.0,4,1.0,0
0.168231197,0.415686275,0.0,4,1.0,0
0.17588501,0.415686275,0.0,4,1.0,0
0.182896041,0.415686275,0.0,4,1.0,0
0.190520393,0.415686275,0.0,4,1.0,0
0.198116932,0.415686275,0.0,4,1.0,0
0.205921684,0.415686275,0.0,4,1.0,0
0.2138524,0.411764706,0.0,4,1.0,0
0.222079713,0.415686275,0.0,4,1.0,0
0.231121236,0.419607843,0.0,4,1.0,0
0.240856152,0.42745098,0.0,4,1.0,0
0.250248446,0.431372549,0.0,4,1.0,0
0.260699058,0.431372549,0.0,4,1.0,0
0.270762079,0.42745098,0.0,4,1.0,0
0.280647438,0.42745098,0.0,4,1.0,0
0.290763643,0.42745098,0.0,4,1.0,0
0.301571062,0.42745098,0.0,4,1.0,0
0.31204236,0.419607843,0.0,4,2.0,0
0.295864503,0.419607843,0.0,5,1.0,0
0.212190362,0.419607843,0.0,5,1.0,0
0.217162916,0.419607843,0.0,5,1.0,0
0.22200271,0.419607843,0.0,5,1.0,0
0.227124289,0.42745098,0.0,5,1.0,0
0.232425608,0.42745098,0.0,5,1.0,0
0.237655664,0.42745098,0.0,5,1.0,0
0.243048537,0.419607843,0.0,5,1.0,0
0.248235077,0.419607843,0.0,5,1.0,0
0.253414358,0.419607843,0.0,5,1.0,0
0.258897398,0.415686275,0.0,5,1.0,0
0.264052628,0.419607843,0.0,5,1.0,0
0.269474071,0.419607843,0.0,5,1.0,0
0.274613961,0.419607843,0.0,5,1.0,0
0.280271956,0.419607843,0.0,5,1.0,0
0.285877627,0.419607843,0.0,5,1.0,0
0.291310254,0.419607843,0.0,5,1.0,0
0.297132352,0.419607843,0.0,5,2.0,0
0.271155245,0.419607843,0.0,6,1.0,0
0.201695211,0.415686275,0.0,6,1.0,0
0.204090694,0.415686275,0.0,6,1.0,0
0.205425089,0.415686275,0.0,6,1.0,0
0.207623708,0.415686275,0.0,6,1.0,0
0.209922756,0.415686275,0.0,6,1.0,0
0.212166377,0.415686275,0.0,6,1.0,0
0.20898806,0.0,0.035294118,6,1.0,0
0.19931177,0.0,0.164705882,6,0.0,0
0.227341805,0.0,0.176470588,5,1.0,0
0.277638469,0.0,0.176470588,5,1.0,0
0.260508232,0.0,0.176470588,5,1.0,0
0.244012761,0.0,0.184313725,5,1.0,0
0.226611395,0.0,0.184313725,5,0.0,0
0.254360206,0.0,0.176470588,4,1.0,0
0.313482889,0.0,0.17254902,4,1.0,0
0.289863555,0.0,0.17254902,4,1.0,0
0.265228595,0.0,0.168627451,4,1.0,0
0.240461568,0.0,0.168627451,4,1.0,0
0.218899318,0.0,0.168627451,4,1.0,0
0.19695535,0.0,0.17254902,4,1.0,0
0.17558122,0.0,0.17254902,4,1.0,0
0.154452023,0.0,0.168627451,4,1.0,0
0.134076462,0.0,0.168627451,4,1.0,0
0.113076115,0.0,0.168627451,4,1.0,0
0.092351795,0.0,0.168627451,4,0.0,0
0.12891516,0.0,0.168627451,3,1.0,0
0.125842566,0.0,0.168627451,3,1.0,0
0.098486575,0.0,0.168627451,3,1.0,0
0.067733958,0.0,0.168627451,3,0.0,0
0.097651679,0.0,0.168627451,2,1.0,0
0.115792824,0.0,0.164705882,2,1.0,0
0.058335412,0.0,0.156862745,2,1.0,0
0.02164407,0.08627451,0.0,2,1.0,0
0.032452546,0.180392157,0.0,2,1.0,0
0.047092316,0.2,0.0,2,1.0,0
0.061703136,0.2,0.0,2,1.0,0
0.07774467,0.207843137,0.0,2,1.0,0
0.093076679,0.2,0.0,2,1.0,0
0.106069818,0.2,0.0,2,1.0,0
0.119471613,0.231372549,0.0,2,1.0,0
0.134347507,0.239215686,0.0,2,1.0,0
0.147876322,0.247058824,0.0,2,1.0,0
0.164546947,0.294117647,0.0,2,1.0,0
0.187991325,0.368627451,0.0,2,1.0,0
0.211921807,0.37254902,0.0,2,1.0,0
0.237019909,0.388235294,0.0,2,1.0,0
0.26462979,0.415686275,0.0,2,1.0,0
0.294752705,0.415686275,0.0,2,1.0,0
0.326675169,0.415686275,0.0,2,1.0,0
0.361562161,0.415686275,0.0,2,1.0,0
0.398302182,0.419607843,0.0,2,1.0,0
0.436535619,0.447058824,0.0,2,1.0,0
0.474903201,0.450980392,0.0,2,2.0,0
0.447403051,0.450980392,0.0,3,1.0,0
0.418994632,0.443137255,0.0,3,1.0,0
0.302441754,0.42745098,0.0,3,1.0,0
0.318085504,0.42745098,0.0,3,1.0,0
0.334830956,0.431372549,0.0,3,1.0,0
0.352971606,0.447058824,0.0,3,1.0,0
0.371567183,0.450980392,0.0,3,1.0,0
0.390309673,0.458823529,0.0,3,1.0,0
0.408438281,0.450980392,0.0,3,1.0,0
0.425937864,0.450980392,0.0,3,1.0,0
0.444086168,0.450980392,0.0,3,1.0,0
0.461401226,0.458823529,0.0,3,1.0,0
0.478837233,0.458823529,0.0,3,1.0,0
0.497338816,0.490196078,0.0,3,1.0,0
0.484012622,0.498039216,0.0,3,2.0,0
0.463123277,0.498039216,0.0,4,1.0,0
0.383267003,0.498039216,0.0,4,1.0,0
0.395868791,0.498039216,0.0,4,1.0,0
0.40810008,0.498039216,0.0,4,1.0,0
0.42050032,0.498039216,0.0,4,1.0,0
0.432348341,0.498039216,0.0,4,1.0,0
0.444305235,0.498039216,0.0,4,1.0,0
0.455896709,0.498039216,0.0,4,1.0,0
0.467476769,0.498039216,0.0,4,1.0,0
0.479243695,0.505882353,0.0,4,1.0,0
0.490922928,0.509803922,0.0,4,1.0,0
0.502347001,0.509803922,0.0,4,1.0,0
0.514000039,0.525490196,0.0,4,1.0,0
0.526400543,0.529411765,0.0,4,1.0,0
0.538434968,0.537254902,0.0,4,1.0,0
0.55031895,0.545098039,0.0,4,1.0,0
0.561218451,0.545098039,0.0,4,1.0,0
0.572027883,0.545098039,0.0,4,1.0,0
0.548841898,0.545098039,0.0,4,2.0,0
0.525753702,0.545098039,0.0,5,1.0,0
0.417598476,0.545098039,0.0,5,1.0,0
0.424265367,0.545098039,0.0,5,1.0,0
0.43001706,0.545098039,0.0,5,1.0,0
0.435490301,0.545098039,0.0,5,1.0,0
0.441083566,0.541176471,0.0,5,1.0,0
0.446495507,0.537254902,0.0,5,1.0,0
0.451547308,0.537254902,0.0,5,1.0,0
0.456797721,0.541176471,0.0,5,1.0,0
0.461964532,0.541176471,0.0,5,1.0,0
0.467322036,0.545098039,0.0,5,1.0,0
0.472423523,0.545098039,0.0,5,1.0,0
0.477439824,0.556862745,0.0,5,1.0,0
0.483714704,0.576470588,0.0,5,1.0,0
0.491683262,0.607843137,0.0,5,1.0,0
0.499862374,0.631372549,0.0,5,1.0,0
0.508330298,0.631372549,0.0,5,1.0,0
0.516161873,0.631372549,0.0,5,2.0,0
0.474825736,0.623529412,0.0,6,1.0,0
0.464938958,0.623529412,0.0,6,1.0,0
0.377901844,0.619607843,0.0,6,1.0,0
0.382566715,0.615686275,0.0,6,1.0,0
0.387287771,0.619607843,0.0,6,1.0,0
0.39182031,0.607843137,0.0,6,1.0,0
0.396005675,0.592156863,0.0,6,1.0,0
0.391549578,0.0,0.02745098,6,1.0,0
0.377784657,0.0,0.176470588,6,1.0,0
0.355471047,0.0,0.309803922,6,0.0,0
0.370240673,0.0,0.325490196,5,1.0,0
0.46390908,0.0,0.345098039,5,1.0,0
0.431069175,0.0,0.349019608,5,1.0,0
0.387730292,0.0,0.482352941,5,0.0,0
0.400922671,0.0,0.498039216,4,1.0,0
0.482494264,0.0,0.525490196,4,1.0,0
0.411029835,0.0,0.666666667,4,0.0,0
0.403764535,0.0,0.725490196,3,1.0,0
0.444614304,0.0,0.760784314,3,1.0,0
0.325479473,0.0,0.854901961,3,0.0,0
0.352392893,0.0,0.854901961,2,1.0,0
0.375127745,0.0,0.858823529,2,0.0,0
0.345708549,0.0,0.843137255,1,1.0,0
0.42774147,0.0,0.839215686,1,1.0,0
0.220908068,0.011764706,0.0,1,1.0,0
0.254575116,0.443137255,0.0,1,1.0,0
0.341027447,0.666666667,0.0,1,1.0,0
0.484120704,0.729411765,0.0,1,1.0,0
0.658292852,0.901960784,0.0,1,1.0,0
0.830190136,0.91372549,0.0,1,2.0,0
0.805345644,0.905882353,0.0,2,1.0,0
0.627010763,0.890196078,0.0,2,1.0,0
0.642191833,0.854901961,0.0,2,1.0,0
0.72129523,0.850980392,0.0,2,1.0,0
0.795700499,0.843137255,0.0,2,1.0,0
0.862431302,0.819607843,0.0,2,1.0,0
0.883735621,0.807843137,0.0,2,2.0,0
0.807870456,0.780392157,0.0,3,1.0,0
0.571651906,0.741176471,0.0,3,1.0,0
0.602217871,0.729411765,0.0,3,1.0,0
0.631768275,0.741176471,0.0,3,1.0,0
0.660993049,0.749019608,0.0,3,1.0,0
0.691169972,0.756862745,0.0,3,1.0,0
0.720679203,0.760784314,0.0,3,1.0,0
0.749475741,0.764705882,0.0,3,1.0,0
0.777168828,0.764705882,0.0,3,1.0,0
0.804579504,0.764705882,0.0,3,1.0,0
0.831774346,0.77254902,0.0,3,1.0,0
0.858292786,0.780392157,0.0,3,2.0,0
0.788919588,0.780392157,0.0,4,1.0,0
0.682364936,0.780392157,0.0,4,1.0,0
0.678201148,0.776470588,0.0,4,1.0,0
0.696245659,0.776470588,0.0,4,1.0,0
0.714729822,0.77254902,0.0,4,1.0,0
0.731474317,0.776470588,0.0,4,1.0,0
0.748753612,0.776470588,0.0,4,1.0,0
0.765206655,0.776470588,0.0,4,1.0,0
0.782998448,0.776470588,0.0,4,1.0,0
0.799441396,0.776470588,0.0,4,1.0,0
0.814169882,0.776470588,0.0,4,1.0,0
0.830522762,0.788235294,0.0,4,1.0,0
0.846137016,0.792156863,0.0,4,1.0,0
0.860912813,0.807843137,0.0,4,1.0,0
0.877149231,0.819607843,0.0,4,1.0,0
0.891941325,0.819607843,0.0,4,1.0,0
0.906140355,0.819607843,0.0,4,2.0,0
0.817000397,0.819607843,0.0,5,1.0,0
0.767746049,0.811764706,0.0,5,1.0,0
0.64425733,0.0,0.384313725,5,1.0,0
0.559062226,0.0,0.780392157,5,0.0,0
0.509248993,0.0,0.796078431,4,1.0,0
0.603228415,0.0,0.796078431,4,1.0,0
0.591393394,0.0,0.792156863,4,1.0,0
0.497579658,0.0,0.776470588,4,1.0,0
0.419451703,0.0,0.721568627,4,0.0,0
0.426773815,0.0,0.705882353,3,1.0,0
0.477531212,0.0,0.68627451,3,0.0,0
0.419005849,0.0,0.745098039,2,1.0,0
0.51818514,0.0,0.745098039,2,1.0,0
0.438887751,0.0,0.803921569,2,1.0,0
0.399240706,0.192156863,0.0,2,1.0,0
0.394554555,0.403921569,0.0,2,1.0,0
0.414706035,0.435294118,0.0,2,1.0,0
0.443427977,0.466666667,0.0,2,2.0,0
0.416383051,0.478431373,0.0,3,1.0,0
0.339089695,0.478431373,0.0,3,1.0,0
0.279810728,0.450980392,0.0,3,1.0,0
0.292316213,0.4,0.0,3,1.0,0
0.299020022,0.301960784,0.0,3,2.0,0
0.272220622,0.192156863,0.0,4,1.0,0
0.260819016,0.168627451,0.0,4,1.0,0
0.204196434,0.149019608,0.0,4,1.0,0
0.203823525,0.180392157,0.0,4,1.0,0
0.204455718,0.2,0.0,4,1.0,0
0.206168332,0.247058824,0.0,4,2.0,0
0.187032314,0.258823529,0.0,5,1.0,0
0.128875949,0.254901961,0.0,5,1.0,0
0.129691314,0.239215686,0.0,5,1.0,0
0.130858257,0.239215686,0.0,5,1.0,0
0.132041598,0.231372549,0.0,5,1.0,0
0.132959748,0.22745098,0.0,5,2.0,0
0.120587337,0.223529412,0.0,6,1.0,0
0.115591276,0.223529412,0.0,6,1.0,0
0.073875567,0.2,0.0,6,1.0,0
0.074297468,0.207843137,0.0,6,1.0,0
0.074735586,0.215686275,0.0,6,1.0,0
0.075090448,0.22745098,0.0,6,1.0,0
0.075531518,0.231372549,0.0,6,2.0,0
0.068030787,0.239215686,0.0,7,1.0,0
0.041606423,0.231372549,0.0,7,1.0,0
0.041793801,0.231372549,0.0,7,1.0,0
0.041907261,0.22745098,0.0,7,1.0,0
0.042377727,0.22745098,0.0,7,1.0,0
0.042502189,0.22745098,0.0,7,2.0,0
0.038919703,0.22745098,0.0,8,1.0,0
0.005798575,0.239215686,0.0,8,1.0,0
0.006170444,0.290196078,0.0,8,0.0,0
0.048560279,0.282352941,0.0,7,0.0,0
0.048560279,0.282352941,0.0,7,1.0,0
0.043086791,0.294117647,0.0,7,1.0,0
0.04133193,0.294117647,0.0,7,0.0,0
0.084093403,0.294117647,0.0,6,1.0,0
0.078429205,0.294117647,0.0,6,1.0,0
0.079453755,0.364705882,0.0,6,0.0,0
0.12152332,0.388235294,0.0,5,1.0,0
0.142404599,0.368627451,0.0,5,1.0,0
0.144829181,0.356862745,0.0,5,1.0,0
0.148192484,0.356862745,0.0,5,1.0,0
0.150826631,0.356862745,0.0,5,1.0,0
0.154201514,0.364705882,0.0,5,1.0,0
0.157146974,0.364705882,0.0,5,2.0,0
0.144754454,0.356862745,0.0,6,1.0,0
0.113392211,0.356862745,0.0,6,1.0,0
0.09460594,0.356862745,0.0,6,1.0,0
0.096156795,0.380392157,0.0,6,1.0,0
0.098023284,0.4,0.0,6,1.0,0
0.099668331,0.4,0.0,6,1.0,0
0.101668488,0.4,0.0,6,1.0,0
0.103593076,0.4,0.0,6,1.0,0
0.105315951,0.4,0.0,6,1.0,0
0.107328249,0.4,0.0,6,1.0,0
0.109177302,0.403921569,0.0,6,1.0,0
0.111318977,0.419607843,0.0,6,1.0,0
0.113162042,0.431372549,0.0,6,1.0,0
0.115727648,0.431372549,0.0,6,1.0,0
0.117565171,0.435294118,0.0,6,1.0,0
0.120186171,0.443137255,0.0,6,1.0,0
0.122439788,0.443137255,0.0,6,1.0,0
0.124820161,0.443137255,0.0,6,1.0,0
0.12721533,0.443137255,0.0,6,1.0,0
0.129691479,0.443137255,0.0,6,1.0,0
0.131933285,0.4,0.0,6,1.0,0
0.133432656,0.352941176,0.0,6,1.0,0
0.134898919,0.317647059,0.0,6,1.0,0
0.135875713,0.282352941,0.0,6,1.0,0
0.13584866,0.180392157,0.0,6,2.0,0
0.122827592,0.207843137,0.0,7,1.0,0
0.115358484,0.207843137,0.0,7,1.0,0
0.09197148,0.243137255,0.0,7,1.0,0
0.092159716,0.176470588,0.0,7,1.0,0
0.091454066,0.078431373,0.0,7,1.0,0
0.091265286,1.0,0.0,7,1.0,1
0.085898857,1.0,0.0,7,0.0,1
0.12083377,1.0,0.0,3,1.0,0
0.453953151,1.0,0.0,3,1.0,0
0.50176852,1.0,0.0,3,1.0,0
0.548634577,1.0,0.0,3,1.0,0
0.595614522,1.0,0.0,3,1.0,0
0.64208362,1.0,0.0,3,1.0,0
0.686324635,1.0,0.0,3,1.0,0
0.728825653,1.0,0.0,3,1.0,0
0.770714933,1.0,0.0,3,1.0,0
0.812326091,1.0,0.0,3,1.0,0
0.849737169,1.0,0.0,3,2.0,0
0.778272344,1.0,0.0,4,1.0,0
0.654632786,1.0,0.0,4,1.0,0
0.682835006,1.0,0.0,4,1.0,0
0.709600952,1.0,0.0,4,1.0,0
0.734515057,1.0,0.0,4,1.0,0
0.75997386,1.0,0.0,4,1.0,0
0.785555658,1.0,0.0,4,1.0,0
0.810568145,1.0,0.0,4,1.0,0
0.831949599,1.0,0.0,4,1.0,0
0.856351075,1.0,0.0,4,1.0,0
0.877498286,1.0,0.0,4,1.0,0
0.896448758,1.0,0.0,4,1.0,0
0.906129732,1.0,0.0,4,2.0,0
0.813635411,1.0,0.0,5,1.0,0
0.685755853,1.0,0.0,5,1.0,0
0.683956998,1.0,0.0,5,1.0,0
0.697533601,1.0,0.0,5,1.0,0
0.711765755,1.0,0.0,5,1.0,0
0.724993303,1.0,0.0,5,1.0,0
0.737735406,1.0,0.0,5,1.0,0
0.750626436,1.0,0.0,5,1.0,0
0.763684734,1.0,0.0,5,1.0,0
0.775706029,1.0,0.0,5,1.0,0
0.788975212,1.0,0.0,5,1.0,0
0.801602636,1.0,0.0,5,1.0,0
0.813800041,1.0,0.0,5,1.0,0
0.824988684,1.0,0.0,5,1.0,0
0.836875437,1.0,0.0,5,1.0,0
0.847375602,1.0,0.0,5,1.0,0
0.792583283,1.0,0.0,5,2.0,0
0.775483597,1.0,0.0,6,1.0,0
0.638276673,1.0,0.0,6,1.0,0
0.645479156,1.0,0.0,6,1.0,0
0.652351851,1.0,0.0,6,1.0,0
0.632956317,0.0,0.305882353,6,1.0,0
0.56438819,0.0,0.843137255,6,1.0,0
0.431820733,0.0,0.980392157,6,0.0,0
0.480690394,0.0,0.980392157,5,1.0,0
0.514653083,0.0,0.968627451,5,1.0,0
0.493648463,0.0,0.858823529,5,0.0,0
0.495447517,0.0,0.878431373,4,1.0,0
0.542884269,0.0,0.894117647,4,1.0,0
0.459687094,0.0,0.941176471,4,0.0,0
0.47934696,0.0,0.941176471,3,1.0,0
0.507935516,0.0,0.941176471,3,0.0,0
0.4914927,0.0,0.937254902,2,1.0,0
0.766765527,0.0,0.933333333,2,1.0,0
0.478940432,0.0,0.921568627,2,0.0,0
0.516847644,0.0,0.921568627,1,1.0,0
0.601890194,0.0,0.917647059,1,1.0,0
0.426186095,0.0,0.635294118,1,1.0,0
0.366033897,0.0,0.02745098,1,1.0,0
0.284184576,0.211764706,0.0,1,1.0,0
0.306523953,0.419607843,0.0,1,1.0,0
0.335995276,0.435294118,0.0,1,2.0,0
0.328586329,0.435294118,0.0,2,1.0,0
0.193019174,0.145098039,0.0,2,1.0,0
0.198027557,0.215686275,0.0,2,1.0,0
0.212652151,0.290196078,0.0,2,1.0,0
0.227968455,0.305882353,0.0,2,1.0,0
0.244087883,0.337254902,0.0,2,2.0,0
0.232231153,0.356862745,0.0,3,1.0,0
0.222522565,0.356862745,0.0,3,1.0,0
0.133411326,0.262745098,0.0,3,1.0,0
0.138947202,0.278431373,0.0,3,1.0,0
0.144514833,0.282352941,0.0,3,1.0,0
0.151012376,0.294117647,0.0,3,1.0,0
0.157531397,0.294117647,0.0,3,1.0,0
0.16377312,0.294117647,0.0,3,1.0,0
0.17017205,0.294117647,0.0,3,1.0,0
0.176569099,0.294117647,0.0,3,1.0,0
0.176976485,0.305882353,0.0,3,2.0,0
0.165720638,0.321568627,0.0,4,1.0,0
0.118859942,0.321568627,0.0,4,1.0,0
0.123265165,0.337254902,0.0,4,1.0,0
0.12812266,0.349019608,0.0,4,1.0,0
0.133041816,0.349019608,0.0,4,1.0,0
0.138263773,0.317647059,0.0,4,1.0,0
0.142186917,0.301960784,0.0,4,1.0,0
0.146623121,0.301960784,0.0,4,1.0,0
0.150333863,0.294117647,0.0,4,1.0,0
0.154062189,0.290196078,0.0,4,1.0,0
0.157770754,0.282352941,0.0,4,1.0,0
0.161525738,0.294117647,0.0,4,1.0,0
0.165136778,0.301960784,0.0,4,2.0,0
0.155737886,0.301960784,0.0,5,1.0,0
0.145682156,0.301960784,0.0,5,1.0,0
0.100074743,0.278431373,0.0,5,1.0,0
0.101641797,0.290196078,0.0,5,1.0,0
0.103825356,0.294117647,0.0,5,1.0,0
0.105342691,0.294117647,0.0,5,1.0,0
0.107527751,0.290196078,0.0,5,1.0,0
0.109291404,0.290196078,0.0,5,1.0,0
0.111419933,0.290196078,0.0,5,1.0,0
0.112582934,0.282352941,0.0,5,1.0,0
0.11445683,0.282352941,0.0,5,1.0,0
0.115930038,0.282352941,0.0,5,1.0,0
0.117240562,0.290196078,0.0,5,1.0,0
0.119130938,0.290196078,0.0,5,1.0,0
0.120859587,0.301960784,0.0,5,1.0,0
0.12262616,0.294117647,0.0,5,1.0,0
0.124540553,0.294117647,0.0,5,1.0,0
0.126315259,0.294117647,0.0,5,1.0,0
0.12812134,0.294117647,0.0,5,1.0,0
0.130229166,0.294117647,0.0,5,1.0,0
0.131964083,0.301960784,0.0,5,1.0,0
0.134004671,0.301960784,0.0,5,1.0,0
0.136024243,0.290196078,0.0,5,1.0,0
0.137855662,0.290196078,0.0,5,1.0,0
0.139756677,0.290196078,0.0,5,1.0,0
0.141570775,0.290196078,0.0,5,1.0,0
0.143487627,0.290196078,0.0,5,1.0,0
0.145281666,0.290196078,0.0,5,1.0,0
0.147350792,0.290196078,0.0,5,1.0,0
0.148923719,0.294117647,0.0,5,2.0,0
0.136751469,0.294117647,0.0,6,1.0,0
0.08648237,0.290196078,0.0,6,1.0,0
0.087276158,0.290196078,0.0,6,1.0,0
0.088054059,0.290196078,0.0,6,1.0,0
0.08903666,0.290196078,0.0,6,1.0,0
0.090053457,0.290196078,0.0,6,1.0,0
0.090869234,0.294117647,0.0,6,1.0,0
0.091847842,0.290196078,0.0,6,1.0,0
0.092682622,0.290196078,0.0,6,1.0,0
0.09364457,0.290196078,0.0,6,1.0,0
0.094482699,0.294117647,0.0,6,1.0,0
0.095494844,0.294117647,0.0,6,1.0,0
0.09626491,0.294117647,0.0,6,1.0,0
0.097379083,0.290196078,0.0,6,1.0,0
0.098073333,0.290196078,0.0,6,1.0,0
0.099164808,0.290196078,0.0,6,1.0,0
0.099947444,0.282352941,0.0,6,1.0,0
0.100687289,0.278431373,0.0,6,1.0,0
0.10155775,0.278431373,0.0,6,1.0,0
0.102394955,0.278431373,0.0,6,1.0,0
0.103110601,0.278431373,0.0,6,1.0,0
0.104068227,0.278431373,0.0,6,1.0,0
0.104697978,0.278431373,0.0,6,1.0,0
0.105486041,0.278431373,0.0,6,1.0,0
0.106118613,0.278431373,0.0,6,1.0,0
0.106909778,0.278431373,0.0,6,1.0,0
0.107635784,0.278431373,0.0,6,1.0,0
0.108346844,0.278431373,0.0,6,1.0,0
0.109128226,0.278431373,0.0,6,1.0,0
0.109688298,0.278431373,0.0,6,1.0,0
0.110568327,0.278431373,0.0,6,1.0,0
0.111160038,0.282352941,0.0,6,1.0,0
0.111966973,0.282352941,0.0,6,1.0,0
0.112806933,0.282352941,0.0,6,1.0,0
0.113570153,0.290196078,0.0,6,1.0,0
0.11430693,0.290196078,0.0,6,1.0,0
0.115267443,0.294117647,0.0,6,1.0,0
0.116175102,0.301960784,0.0,6,1.0,0
0.117073079,0.305882353,0.0,6,1.0,0
0.118048652,0.309803922,0.0,6,1.0,0
0.119635633,0.474509804,0.0,6,1.0,0
0.12067079,0.996078431,0.0,6,0.0,1
0.156110662,1.0,0.0,3,0.0,0
0.198741009,1.0,0.0,2,1.0,0
0.531393816,1.0,0.0,2,1.0,0
0.76599589,1.0,0.0,2,1.0,0
0.856680797,1.0,0.0,2,1.0,0
0.857785897,1.0,0.0,2,2.0,0
0.8043382,1.0,0.0,3,1.0,0
0.58999803,1.0,0.0,3,1.0,0
0.636317608,1.0,0.0,3,1.0,0
0.679288168,1.0,0.0,3,1.0,0
0.721578433,1.0,0.0,3,1.0,0
0.763965694,1.0,0.0,3,1.0,0
0.804252025,1.0,0.0,3,1.0,0
0.845656653,1.0,0.0,3,1.0,0
0.882294597,1.0,0.0,3,1.0,0
0.891439847,1.0,0.0,3,2.0,0
0.842301763,1.0,0.0,4,1.0,0
0.706001789,1.0,0.0,4,1.0,0
0.731896218,1.0,0.0,4,1.0,0
0.757697413,1.0,0.0,4,1.0,0
0.782016342,1.0,0.0,4,1.0,0
0.805943987,1.0,0.0,4,1.0,0
0.830490627,1.0,0.0,4,1.0,0
0.851433684,1.0,0.0,4,1.0,0
0.871713469,1.0,0.0,4,1.0,0
0.894222392,1.0,0.0,4,1.0,0
0.912260899,1.0,0.0,4,2.0,0
0.816265599,1.0,0.0,5,1.0,0
0.79916235,1.0,0.0,5,1.0,0
0.679274641,1.0,0.0,5,1.0,0
0.693797917,1.0,0.0,5,1.0,0
0.708207832,1.0,0.0,5,1.0,0
0.721108429,1.0,0.0,5,1.0,0
0.734389358,1.0,0.0,5,1.0,0
0.747723338,1.0,0.0,5,1.0,0
0.758489023,1.0,0.0,5,1.0,0
0.771346994,1.0,0.0,5,1.0,0
0.783823314,1.0,0.0,5,1.0,0
0.797493746,1.0,0.0,5,1.0,0
0.808532209,1.0,0.0,5,1.0,0
0.820019033,1.0,0.0,5,1.0,0
0.83230169,1.0,0.0,5,1.0,0
0.842475103,1.0,0.0,5,2.0,0
0.767738659,1.0,0.0,6,1.0,0
0.626524725,1.0,0.0,6,1.0,0
0.631823504,0.262745098,0.0,6,1.0,0
0.597039051,0.0,0.447058824,6,1.0,0
0.545245045,0.0,0.705882353,6,0.0,0
0.50283812,0.0,0.760784314,5,0.0,0
0.50283812,0.0,0.760784314,5,1.0,0
0.531093391,0.0,0.917647059,5,0.0,0
0.474652396,0.0,0.921568627,4,1.0,0
0.522549255,0.0,0.929411765,4,1.0,0
0.535319864,0.0,1.0,4,0.0,0
0.506906495,0.0,0.992156863,3,1.0,0
0.602815554,0.0,0.941176471,3,1.0,0
0.549192933,0.0,0.776470588,3,0.0,0
0.520249713,0.0,0.756862745,2,1.0,0
0.774535209,0.0,0.741176471,2,1.0,0
0.590075364,0.0,0.68627451,2,1.0,0
0.480280633,0.0,0.4,2,1.0,0
0.447299325,0.294117647,0.0,2,1.0,0
0.459879569,0.4,0.0,2,1.0,0
0.488463507,0.466666667,0.0,2,2.0,0
0.467501183,0.521568627,0.0,3,1.0,0
0.298528375,0.490196078,0.0,3,1.0,0
0.314251405,0.435294118,0.0,3,1.0,0
0.331365542,0.447058824,0.0,3,1.0,0
0.35177558,0.494117647,0.0,3,1.0,0
0.372411778,0.498039216,0.0,3,1.0,0
0.393557405,0.505882353,0.0,3,1.0,0
0.416334091,0.529411765,0.0,3,1.0,0
0.438256548,0.529411765,0.0,3,1.0,0
0.459697651,0.537254902,0.0,3,1.0,0
0.48181905,0.541176471,0.0,3,1.0,0
0.505598363,0.592156863,0.0,3,2.0,0
0.465775173,0.639215686,0.0,4,1.0,0
0.379446662,0.639215686,0.0,4,1.0,0
0.396678415,0.635294118,0.0,4,1.0,0
0.413088173,0.603921569,0.0,4,1.0,0
0.426926766,0.560784314,0.0,4,1.0,0
0.439762896,0.541176471,0.0,4,1.0,0
0.451532462,0.525490196,0.0,4,1.0,0
0.462935882,0.521568627,0.0,4,1.0,0
0.47461109,0.525490196,0.0,4,1.0,0
0.485072061,0.525490196,0.0,4,1.0,0
0.495737846,0.525490196,0.0,4,1.0,0
0.496344503,0.529411765,0.0,4,1.0,0
0.506133955,0.537254902,0.0,4,1.0,0
0.514666543,0.568627451,0.0,4,1.0,0
0.525562481,0.603921569,0.0,4,1.0,0
0.538069945,0.662745098,0.0,4,1.0,0
0.554598804,0.749019608,0.0,4,1.0,0
0.574720888,0.819607843,0.0,4,1.0,0
0.598627879,0.901960784,0.0,4,1.0,0
0.624745797,0.968627451,0.0,4,1.0,0
0.652007481,1.0,0.0,4,1.0,0
0.682143032,1.0,0.0,4,1.0,0
0.702852241,1.0,0.0,4,1.0,0
0.725639484,1.0,0.0,4,1.0,0
0.750058577,1.0,0.0,4,1.0,0
0.775799066,1.0,0.0,4,1.0,0
0.80083445,1.0,0.0,4,1.0,0
0.823457921,1.0,0.0,4,1.0,0
0.846702499,1.0,0.0,4,1.0,0
0.867725528,1.0,0.0,4,2.0,0
0.788609727,1.0,0.0,5,1.0,0
0.642419346,1.0,0.0,5,1.0,0
0.657882498,1.0,0.0,5,1.0,0
0.671327529,1.0,0.0,5,1.0,0
0.68479539,1.0,0.0,5,1.0,0
0.699521105,1.0,0.0,5,1.0,0
0.713157291,1.0,0.0,5,1.0,0
0.725419691,1.0,0.0,5,1.0,0
0.739414369,1.0,0.0,5,1.0,0
0.752371184,1.0,0.0,5,1.0,0
0.764994979,1.0,0.0,5,1.0,0
0.779214992,1.0,0.0,5,1.0,0
0.791751093,1.0,0.0,5,1.0,0
0.803294333,1.0,0.0,5,1.0,0
0.814179383,1.0,0.0,5,1.0,0
0.826296091,1.0,0.0,5,1.0,0
0.837152767,1.0,0.0,5,2.0,0
0.765951681,1.0,0.0,6,1.0,0
0.749740666,1.0,0.0,6,1.0,0
0.631499259,1.0,0.0,6,1.0,0
0.638412336,1.0,0.0,6,1.0,0
0.644298372,1.0,0.0,6,1.0,0
0.616130926,0.0,0.262745098,6,1.0,0
0.579654115,0.0,0.48627451,6,0.0,0
0.529280349,0.0,0.980392157,5,1.0,0
0.677560377,0.0,1.0,5,1.0,0
0.509558194,0.0,1.0,5,0.0,0
0.533328071,0.0,1.0,4,1.0,0
0.649324835,0.0,1.0,4,1.0,0
0.545422938,0.0,0.941176471,4,0.0,0
0.512797283,0.0,0.956862745,3,1.0,0
0.658823759,0.0,0.941176471,3,1.0,0
0.521617034,0.0,0.901960784,3,0.0,0
0.496206992,0.0,0.901960784,2,1.0,0
0.71695731,0.0,0.901960784,2,1.0,0
0.597128921,0.0,0.094117647,2,1.0,0
0.569510461,0.098039216,0.0,2,1.0,0
0.580058003,0.447058824,0.0,2,1.0,0
0.60649944,0.466666667,0.0,2,2.0,0
0.574299052,0.494117647,0.0,3,1.0,0
0.374574304,0.482352941,0.0,3,1.0,0
0.392917129,0.435294118,0.0,3,1.0,0
0.40874768,0.403921569,0.0,3,1.0,0
0.421147227,0.341176471,0.0,3,1.0,0
0.432634645,0.356862745,0.0,3,1.0,0
0.444321269,0.356862745,0.0,3,1.0,0
0.450664706,0.403921569,0.0,3,2.0,0
0.412654889,0.42745098,0.0,4,1.0,0
0.336555579,0.42745098,0.0,4,1.0,0
0.34452605,0.37254902,0.0,4,1.0,0
0.349451624,0.321568627,0.0,4,1.0,0
0.353834709,0.305882353,0.0,4,1.0,0
0.357883619,0.305882353,0.0,4,1.0,0
0.360808459,0.290196078,0.0,4,1.0,0
0.36331529,0.282352941,0.0,4,1.0,0
0.3656663,0.282352941,0.0,4,1.0,0
0.367947037,0.290196078,0.0,4,1.0,0
0.370452515,0.290196078,0.0,4,1.0,0
0.372797652,0.294117647,0.0,4,2.0,0
0.336937627,0.321568627,0.0,5,1.0,0
0.256578588,0.301960784,0.0,5,1.0,0
0.25730494,0.262745098,0.0,5,1.0,0
0.257324174,0.215686275,0.0,5,1.0,0
0.256799766,0.196078431,0.0,5,1.0,0
0.256595579,0.207843137,0.0,5,1.0,0
0.257095507,0.223529412,0.0,5,1.0,0
0.257039387,0.231372549,0.0,5,1.0,0
0.258235809,0.270588235,0.0,5,1.0,0
0.259058234,0.270588235,0.0,5,1.0,0
0.260426148,0.290196078,0.0,5,2.0,0
0.234844383,0.282352941,0.0,6,1.0,0
0.172670633,0.270588235,0.0,6,1.0,0
0.172863372,0.239215686,0.0,6,1.0,0
0.173084749,0.231372549,0.0,6,1.0,0
0.172971355,0.22745098,0.0,6,1.0,0
0.17317607,0.231372549,0.0,6,1.0,0
0.173414504,0.247058824,0.0,6,1.0,0
0.173712058,0.274509804,0.0,6,1.0,0
0.174544381,0.301960784,0.0,6,1.0,0
0.17532606,0.333333333,0.0,6,1.0,0
0.176504633,0.337254902,0.0,6,1.0,0
0.177756712,0.341176471,0.0,6,2.0,0
0.160118233,0.356862745,0.0,7,1.0,0
0.127025247,0.317647059,0.0,7,1.0,0
0.127579067,0.317647059,0.0,7,1.0,0
0.1278078,0.317647059,0.0,7,1.0,0
0.128046795,0.305882353,0.0,7,1.0,0
0.12785935,0.301960784,0.0,7,1.0,0
0.127724034,0.325490196,0.0,7,1.0,0
0.127856563,0.71372549,0.0,7,0.0,1
0.15476416,1.0,0.0,3,1.0,0
0.541031373,1.0,0.0,3,1.0,0
0.578675639,1.0,0.0,3,1.0,0
0.624292619,1.0,0.0,3,1.0,0
0.667675578,1.0,0.0,3,1.0,0
0.710842375,1.0,0.0,3,1.0,0
0.754056152,1.0,0.0,3,1.0,0
0.798330225,1.0,0.0,3,1.0,0
0.831465211,1.0,0.0,3,1.0,0
0.867763667,1.0,0.0,3,1.0,0
0.863068972,1.0,0.0,3,2.0,0
0.8094996,1.0,0.0,4,1.0,0
0.697563755,1.0,0.0,4,1.0,0
0.722809364,1.0,0.0,4,1.0,0
0.747779358,1.0,0.0,4,1.0,0
0.772932853,1.0,0.0,4,1.0,0
0.79715868,1.0,0.0,4,1.0,0
0.820619158,1.0,0.0,4,1.0,0
0.842296748,1.0,0.0,4,1.0,0
0.864760999,1.0,0.0,4,1.0,0
0.88558964,1.0,0.0,4,2.0,0
0.803924151,1.0,0.0,5,1.0,0
0.656365064,1.0,0.0,5,1.0,0
0.671465171,1.0,0.0,5,1.0,0
0.685756975,1.0,0.0,5,1.0,0
0.698710425,1.0,0.0,5,1.0,0
0.712150046,0.843137255,0.0,5,1.0,0
0.669434514,0.0,0.431372549,5,1.0,0
0.591184093,0.0,0.756862745,5,0.0,0
0.582593636,0.0,0.780392157,4,1.0,0
0.702264389,0.0,0.8,4,1.0,0
0.614621344,0.0,0.780392157,4,0.0,0
0.591277064,0.0,0.776470588,3,1.0,0
0.711252729,0.0,0.776470588,3,1.0,0
0.591737105,0.0,0.77254902,3,0.0,0
0.540218252,0.0,0.764705882,2,1.0,0
0.636983123,0.0,0.760784314,2,1.0,0
0.628183365,0.0,0.737254902,2,1.0,0
0.479440657,0.0,0.694117647,2,1.0,0
0.417742618,0.192156863,0.0,2,1.0,0
0.405716969,0.368627451,0.0,2,2.0,0
0.36975711,0.474509804,0.0,3,1.0,0
0.234178935,0.443137255,0.0,3,1.0,0
0.24133193,0.325490196,0.0,3,1.0,0
0.24692084,0.258823529,0.0,3,1.0,0
0.251788645,0.254901961,0.0,3,1.0,0
0.256021881,0.254901961,0.0,3,1.0,0
0.25638344,0.133333333,0.0,3,2.0,0
0.232490206,0.149019608,0.0,4,1.0,0
0.218426278,0.149019608,0.0,4,1.0,0
0.175014418,0.160784314,0.0,4,1.0,0
0.176386456,0.22745098,0.0,4,1.0,0
0.177544409,0.211764706,0.0,4,1.0,0
0.179204368,0.211764706,0.0,4,1.0,0
0.180417088,0.207843137,0.0,4,1.0,0
0.18188863,0.207843137,0.0,4,1.0,0
0.183075517,0.211764706,0.0,4,1.0,0
0.18511307,0.262745098,0.0,4,1.0,0
0.189258944,0.337254902,0.0,4,1.0,0
0.193793958,0.341176471,0.0,4,1.0,0
0.192754149,0.368627451,0.0,4,2.0,0
0.180907613,0.37254902,0.0,5,1.0,0
0.123586887,0.368627451,0.0,5,1.0,0
0.126484409,0.368627451,0.0,5,1.0,0
0.129248314,0.341176471,0.0,5,1.0,0
0.131729477,0.321568627,0.0,5,1.0,0
0.134272682,0.290196078,0.0,5,1.0,0
0.136278216,0.305882353,0.0,5,1.0,0
0.137981592,0.070588235,0.0,5,1.0,0
0.129235777,0.0,0.08627451,5,1.0,0
0.1176413,0.0,0.125490196,5,1.0,0
0.099423003,0.0,0.125490196,5,0.0,0
0.145281072,0.0,0.125490196,4,1.0,0
0.161247319,0.0,0.125490196,4,1.0,0
0.145353259,0.0,0.125490196,4,0.0,0
0.170003626,0.0,0.125490196,3,1.0,0
0.204010557,0.0,0.125490196,3,1.0,0
0.179083321,0.0,0.125490196,3,1.0,0
0.157738125,0.0,0.125490196,3,1.0,0
0.135949797,0.0,0.125490196,3,0.0,0
0.165430539,0.0,0.125490196,2,1.0,0
0.236495699,0.0,0.125490196,2,1.0,0
0.198566547,0.0,0.125490196,2,1.0,0
0.158132907,0.0,0.125490196,2,1.0,0
0.113362023,0.0,0.133333333,2,0.0,0
0.150144851,0.0,0.133333333,1,1.0,0
0.166215485,0.0,0.133333333,1,1.0,0
0.093477185,0.0,0.129411765,1,1.0,0
0.045655432,0.078431373,0.0,1,1.0,0
0.073678423,0.207843137,0.0,1,1.0,0
0.106428936,0.196078431,0.0,1,2.0,0
0.099473893,0.176470588,0.0,2,1.0,0
0.036495138,0.164705882,0.0,2,1.0,0
0.0496585,0.137254902,0.0,2,1.0,0
0.062020931,0.145098039,0.0,2,1.0,0
0.075312022,0.149019608,0.0,2,1.0,0
0.087811073,0.149019608,0.0,2,1.0,0
0.098541044,0.149019608,0.0,2,1.0,0
0.107302333,0.149019608,0.0,2,1.0,0
0.114109176,0.152941176,0.0,2,1.0,0
0.121886908,0.180392157,0.0,2,1.0,0
0.132115054,0.2,0.0,2,1.0,0
0.142642141,0.211764706,0.0,2,2.0,0
0.137247372,0.22745098,0.0,3,2.0,0
0.137247372,0.22745098,0.0,3,1.0,0
0.060923717,0.215686275,0.0,3,1.0,0
0.065762158,0.215686275,0.0,3,1.0,0
0.070454494,0.215686275,0.0,3,1.0,0
0.074864601,0.211764706,0.0,3,1.0,0
0.078997409,0.207843137,0.0,3,1.0,0
0.083160637,0.211764706,0.0,3,1.0,0
0.086947079,0.211764706,0.0,3,1.0,0
0.090692743,0.211764706,0.0,3,1.0,0
0.094569847,0.215686275,0.0,3,1.0,0
0.099196975,0.231372549,0.0,3,1.0,0
0.103323317,0.231372549,0.0,3,1.0,0
0.107458996,0.231372549,0.0,3,1.0,0
0.111624401,0.231372549,0.0,3,1.0,0
0.115609801,0.239215686,0.0,3,1.0,0
0.119840843,0.239215686,0.0,3,1.0,0
0.125050131,0.274509804,0.0,3,1.0,0
0.130184363,0.254901961,0.0,3,1.0,0
0.135404818,0.258823529,0.0,3,1.0,0
0.1405374,0.270588235,0.0,3,1.0,0
0.146010789,0.282352941,0.0,3,1.0,0
0.152125559,0.282352941,0.0,3,1.0,0
0.157582139,0.282352941,0.0,3,1.0,0
0.163420304,0.290196078,0.0,3,1.0,0
0.169986899,0.290196078,0.0,3,1.0,0
0.176205462,0.301960784,0.0,3,2.0,0
0.163727063,0.305882353,0.0,4,1.0,0
0.139823272,0.305882353,0.0,4,1.0,0
0.117779569,0.301960784,0.0,4,1.0,0
0.121484307,0.305882353,0.0,4,1.0,0
0.125574061,0.309803922,0.0,4,1.0,0
0.12987145,0.317647059,0.0,4,1.0,0
0.134341965,0.321568627,0.0,4,1.0,0
0.138574772,0.321568627,0.0,4,1.0,0
0.143254934,0.325490196,0.0,4,1.0,0
0.147756594,0.325490196,0.0,4,1.0,0
0.152396786,0.325490196,0.0,4,1.0,0
0.15680135,0.325490196,0.0,4,1.0,0
0.161976145,0.341176471,0.0,4,1.0,0
0.16775146,0.380392157,0.0,4,1.0,0
0.174148576,0.411764706,0.0,4,1.0,0
0.181565243,0.415686275,0.0,4,1.0,0
0.190082688,0.447058824,0.0,4,1.0,0
0.187217432,0.458823529,0.0,4,2.0,0
0.17944653,0.458823529,0.0,5,1.0,0
0.123882775,0.431372549,0.0,5,1.0,0
0.128005109,0.42745098,0.0,5,1.0,0
0.132418729,0.42745098,0.0,5,1.0,0
0.136498338,0.415686275,0.0,5,1.0,0
0.140573889,0.415686275,0.0,5,1.0,0
0.144695761,0.415686275,0.0,5,1.0,0
0.149023981,0.415686275,0.0,5,1.0,0
0.152879492,0.415686275,0.0,5,1.0,0
0.157490124,0.415686275,0.0,5,1.0,0
0.161288493,0.4,0.0,5,1.0,0
0.165201377,0.388235294,0.0,5,1.0,0
0.168895095,0.388235294,0.0,5,1.0,0
0.173051757,0.4,0.0,5,1.0,0
0.177302314,0.431372549,0.0,5,1.0,0
0.182455532,0.462745098,0.0,5,1.0,0
0.188067339,0.462745098,0.0,5,1.0,0
0.193634573,0.458823529,0.0,5,1.0,0
0.199237143,0.450980392,0.0,5,1.0,0
0.20451959,0.447058824,0.0,5,1.0,0
0.210164125,0.447058824,0.0,5,1.0,0
0.215728193,0.447058824,0.0,5,1.0,0
0.221647287,0.447058824,0.0,5,1.0,0
0.226943031,0.443137255,0.0,5,1.0,0
0.232748534,0.443137255,0.0,5,1.0,0
0.238125932,0.435294118,0.0,5,1.0,0
0.243878813,0.431372549,0.0,5,1.0,0
0.249374917,0.431372549,0.0,5,1.0,0
0.254888738,0.431372549,0.0,5,1.0,0
0.260690216,0.431372549,0.0,5,1.0,0
0.266284834,0.42745098,0.0,5,1.0,0
0.271869059,0.42745098,0.0,5,1.0,0
0.27744672,0.431372549,0.0,5,1.0,0
0.283236947,0.431372549,0.0,5,1.0,0
0.289131562,0.431372549,0.0,5,1.0,0
0.29502931,0.431372549,0.0,5,1.0,0
0.300683578,0.419607843,0.0,5,1.0,0
0.30634936,0.411764706,0.0,5,1.0,0
0.311381101,0.380392157,0.0,5,1.0,0
0.315574153,0.368627451,0.0,5,1.0,0
0.319668823,0.364705882,0.0,5,1.0,0
0.323580552,0.364705882,0.0,5,1.0,0
0.327490764,0.368627451,0.0,5,1.0,0
0.33114763,0.368627451,0.0,5,1.0,0
0.334861077,0.37254902,0.0,5,1.0,0
0.338921732,0.380392157,0.0,5,1.0,0
0.34306048,0.388235294,0.0,5,1.0,0
0.34771796,0.4,0.0,5,1.0,0
0.35296768,0.419607843,0.0,5,1.0,0
0.358679584,0.431372549,0.0,5,1.0,0
0.36432699,0.435294118,0.0,5,1.0,0
0.370131503,0.443137255,0.0,5,1.0,0
0.375988869,0.443137255,0.0,5,1.0,0
0.381891369,0.443137255,0.0,5,1.0,0
0.387616173,0.443137255,0.0,5,1.0,0
0.39326823,0.443137255,0.0,5,1.0,0
0.398997984,0.443137255,0.0,5,1.0,0
0.40420577,0.435294118,0.0,5,1.0,0
0.409601084,0.443137255,0.0,5,1.0,0
0.415147765,0.447058824,0.0,5,1.0,0
0.420811831,0.450980392,0.0,5,2.0,0
0.385835232,0.474509804,0.0,6,1.0,0
0.369383178,0.474509804,0.0,6,1.0,0
0.301318344,0.435294118,0.0,6,1.0,0
0.303899671,0.435294118,0.0,6,1.0,0
0.306801119,0.435294118,0.0,6,1.0,0
0.309773401,0.431372549,0.0,6,1.0,0
0.312716122,0.431372549,0.0,6,1.0,0
0.315445484,0.431372549,0.0,6,1.0,0
0.318233638,0.431372549,0.0,6,1.0,0
0.315531231,0.466666667,0.0,6,2.0,0
0.289618457,0.466666667,0.0,7,1.0,0
0.247353134,0.466666667,0.0,7,1.0,0
0.249114874,0.466666667,0.0,7,1.0,0
0.251020162,0.462745098,0.0,7,1.0,0
0.252985693,0.458823529,0.0,7,1.0,0
0.254790917,0.443137255,0.0,7,1.0,0
0.256259423,0.403921569,0.0,7,1.0,0
0.257394744,0.384313725,0.0,7,1.0,0
0.258553489,0.380392157,0.0,7,1.0,0
0.259541632,0.396078431,0.0,7,2.0,0
0.233806851,0.42745098,0.0,8,1.0,0
0.17820547,0.431372549,0.0,8,1.0,0
0.175703125,0.0,0.011764706,8,1.0,0
0.168081545,0.0,0.164705882,8,1.0,0
0.155490644,0.0,0.28627451,8,1.0,0
0.136577239,0.0,0.4,8,0.0,0
0.175231241,0.0,0.462745098,7,1.0,0
0.168633138,0.0,0.658823529,7,0.0,0
0.150639137,0.0,1.0,6,1.0,0
0.125655518,0.0,1.0,6,0.0,0
0.180085024,0.0,1.0,5,1.0,0
0.203146463,0.0,1.0,5,1.0,0
0.123325211,1.0,0.0,6,1.0,1
0.118162788,0.023529412,0.0,8,1.0,1
0.148740844,0.415686275,0.0,8,1.0,1
0.155506645,0.678431373,0.0,8,1.0,1
0.170353374,1.0,0.0,8,1.0,1
0.19135321,1.0,0.0,8,1.0,1
0.213818913,0.57254902,0.0,8,1.0,1
0.227084203,0.756862745,0.0,8,1.0,1
0.062441695,0.882352941,0.0,8,1.0,1
0.11981341,0.77254902,0.0,8,1.0,1
0.185190997,1.0,0.0,8,1.0,1
0.238663834,0.980392157,0.0,8,1.0,1
0.275619326,0.996078431,0.0,8,1.0,1
0.221789714,0.239215686,0.0,8,1.0,1
0.212084853,0.556862745,0.0,8,1.0,1
0.129928543,1.0,0.0,6,1.0,1
0.159010725,0.384313725,0.0,6,1.0,1
0.102004495,0.819607843,0.0,6,1.0,1
0.205931879,0.898039216,0.0,6,1.0,1
0.220526747,0.764705882,0.0,7,1.0,1
0.220940203,0.556862745,0.0,7,1.0,1
0.110389956,0.976470588,0.0,7,1.0,1
0.220122034,1.0,0.0,7,1.0,1
0.15580806,0.929411765,0.0,7,1.0,1
0.192508787,0.88627451,0.0,7,1.0,1
0.219918243,0.709803922,0.0,7,0.0,1
0.138811897,0.795870321,0.0,6,0.0,1
0.159840622,0.919455393,0.0,8,0.0,1
0.109844775,0.966794169,0.0,6,0.0,1
0.078957758,0.901300164,0.0,5,0.0,1
0.209241285,0.836403086,0.0,7,0.0,1
0.107983295,0.803512601,0.0,6,0.0,1
0.066704561,0.752345102,0.0,6,0.0,1
0.112429836,0.924458769,0.0,8,0.0,1
0.146334363,0.834853868,0.0,5,0.0,1
0.220206985,0.82139406,0.0,7,0.0,1
0.219811327,0.838227214,0.0,5,0.0,1
0.199382642,0.835632483,0.0,5,0.0,1
0.164063779,0.772440926,0.0,8,0.0,1
0.154988265,0.757173385,0.0,6,0.0,1
0.11982306,0.880710418,0.0,6,0.0,1
0.190788231,0.772266543,0.0,7,0.0,1
0.197496523,0.97689945,0.0,7,0.0,1
0.155756492,0.946977274,0.0,6,0.0,1
0.069316989,0.986052261,0.0,6,0.0,1
0.183017747,0.840236993,0.0,5,0.0,1
0.1621200143275481,0.9120053138288812,0.0,8,0.0,1
0.1789189825692448,0.9629746102827628,0.0,7,0.0,1
0.158064846021354,0.977221574141708,0.0,7,0.0,1
0.2595232612549146,0.7101161393953035,0.0,8,0.0,1
0.1276714803113821,0.953388474693064,0.0,7,0.0,1
0.27319144831723,0.9994697415741184,0.0,8,0.0,1
0.1249703630356832,0.9113189599076428,0.0,6,0.0,1
0.1556700108935269,0.9163468427795975,0.0,7,0.0,1
0.1964678130506111,0.7554195231538857,0.0,5,0.0,1
0.2037489961725646,0.8900652256756496,0.0,7,0.0,1
0.1781367613008459,0.8802091230125568,0.0,8,0.0,1
0.2191201169173561,0.9818030081662852,0.0,6,0.0,1
0.2622320808895536,0.9136962961825754,0.0,8,0.0,1
0.2063154769005507,0.8066276774827466,0.0,7,0.0,1
0.2482863074279572,0.9317347422017064,0.0,6,0.0,1
0.1096339520097351,0.9892091265117042,0.0,6,0.0,1
0.0983458418563509,0.7681573825647396,0.0,5,0.0,1
0.2507374216027138,0.8030560575711598,0.0,8,0.0,1
0.1780659051535673,0.8681249755829156,0.0,5,0.0,1
0.1458169479202405,0.8257653888997303,0.0,8,0.0,1
0.1254405627622386,0.7103784644116775,0.0,8,0.0,1
0.1270907365384274,0.8980358760360938,0.0,5,0.0,1
0.1474370704815735,0.9053324213118714,0.0,8,0.0,1
0.2549801998558755,0.9455544750612116,0.0,7,0.0,1
0.2626119756886542,0.8863191445474993,0.0,5,0.0,1
0.0895812515811992,0.9150800833087612,0.0,5,0.0,1
0.1278570164477891,0.9245640011313598,0.0,5,0.0,1
0.2490425172502682,0.9812243190154646,0.0,8,0.0,1
0.2101510631466185,0.810597409363162,0.0,8,0.0,1
0.0625896314349733,0.8873686052263224,0.0,6,0.0,1
0.2476872452818598,0.9893840611495576,0.0,8,0.0,1
0.2588390241063169,0.9404836483175067,0.0,8,0.0,1
0.2158739584091873,0.883474067982935,0.0,7,0.0,1
0.2513018414440551,0.8290967039648571,0.0,5,0.0,1
0.1546036413238977,0.928946681804485,0.0,5,0.0,1
0.2749323119874667,0.963743534946601,0.0,8,0.0,1
0.1108367896137579,0.7685156627701322,0.0,7,0.0,1
0.1155449068310655,0.8511942726985531,0.0,8,0.0,1
0.1161540779428726,0.752856444524854,0.0,7,0.0,1
0.1208177786445775,0.8791501403324757,0.0,7,0.0,1
0.1023505943944441,0.7368683312863525,0.0,7,0.0,1
0.1033091275271685,0.9297079168985736,0.0,8,0.0,1
0.1420402404844849,0.973829234426047,0.0,8,0.0,1
0.1386805253910927,0.9877853460906988,0.0,6,0.0,1
0.2413779614079912,0.8411996891945193,0.0,6,0.0,1
0.2186591988003256,0.7935018156519157,0.0,7,0.0,1
0.2265021086726995,0.7601367638864954,0.0,5,0.0,1
0.0977772584047152,0.7990943574295248,0.0,5,0.0,1
0.1164344275141753,0.981234545480188,0.0,5,0.0,1
0.2548961740348415,0.8281844223075792,0.0,8,0.0,1
0.1104898340204056,0.8434224295503443,0.0,8,0.0,1
0.2656320494672963,0.7791020821413895,0.0,5,0.0,1
0.232979514202459,0.7727328005161137,0.0,6,0.0,1
0.127351776513874,0.9779372543607714,0.0,7,0.0,1
0.1002195831317321,0.7071664150815435,0.0,8,0.0,1
0.1523774812109231,0.8241876724300464,0.0,6,0.0,1
0.1449702561415396,0.8917104966685481,0.0,6,0.0,1
0.2729733897374941,0.8726164680131321,0.0,7,0.0,1
0.2269545904251029,0.9636457812747764,0.0,8,0.0,1
0.1378072357328841,0.8917190275775979,0.0,8,0.0,1
0.0931854993257709,0.8734592602989423,0.0,8,0.0,1
0.0656885776642523,0.9466878022886712,0.0,5,0.0,1
0.1033356370623024,0.7652377832736451,0.0,6,0.0,1
0.1985506546080161,0.9057564370329012,0.0,8,0.0,1
0.2656908706213777,0.9245357927581804,0.0,5,0.0,1
0.1609698126221505,0.7028624977764208,0.0,7,0.0,1
0.2664887918465287,0.8893746111203356,0.0,7,0.0,1
0.130157086710933,0.8706544808879643,0.0,6,0.0,1
0.1878111932482314,0.7700987610597282,0.0,5,0.0,1
0.2660147742185479,0.9363653796408268,0.0,8,0.0,1
0.1422500895202359,0.8864490152828783,0.0,7,0.0,1
0.1398111744898316,0.7331970841498695,0.0,6,0.0,1
0.1521219882082261,0.7032190163643273,0.0,7,0.0,1
0.2159192982483678,0.7586938807042388,0.0,6,0.0,1
0.2298266519066353,0.8209249165101518,0.0,8,0.0,1
0.134938297580894,0.7256140151019957,0.0,5,0.0,1
0.1357226366898418,0.7314477864427357,0.0,8,0.0,1
0.0874207840052928,0.7710506489000798,0.0,8,0.0,1
0.0828683461131036,0.7352106303136837,0.0,8,0.0,1
0.2749378817104745,0.8753180270270309,0.0,6,0.0,1
0.2178143569019741,0.7118591293961696,0.0,5,0.0,1
0.0923454499644485,0.9383949013447934,0.0,7,0.0,1
0.1861164551692304,0.9732846522552708,0.0,7,0.0,1
0.1778072780109327,0.8607737987709947,0.0,7,0.0,1
0.2701450413687187,0.9166237591541936,0.0,8,0.0,1
0.0798960652486494,0.8071996105146491,0.0,5,0.0,1
0.2715189529461245,0.7271578261914224,0.0,7,0.0,1
0.2143593397447256,0.8805834611307571,0.0,8,0.0,1
0.2399854200852397,0.7190949335029266,0.0,6,0.0,1
0.0850077898533912,0.9555950000270648,0.0,7,0.0,1
0.1876572190550509,0.754464748442771,0.0,7,0.0,1
0.1744943828268489,0.8310395999682757,0.0,7,0.0,1
0.2642808535095315,0.9227631434498376,0.0,5,0.0,1
0.0681880178291005,0.8764641953881773,0.0,7,0.0,1
0.2700421153019253,0.9465168411706772,0.0,6,0.0,1
0.0901700279163203,0.8138989704805046,0.0,6,0.0,1
0.1189262813092415,0.9304400723834044,0.0,8,0.0,1
0.0991771585735939,0.9495666702628098,0.0,5,0.0,1
0.0853133269749509,0.8107272677115243,0.0,5,0.0,1
0.0854133832233881,0.7193768509131352,0.0,6,0.0,1
0.066713849545727,0.7249283398145303,0.0,6,0.0,1
0.1584347189400241,0.7824501680148751,0.0,7,0.0,1
0.1227947239706935,0.8691181955804255,0.0,5,0.0,1
0.1916556015273559,0.9147780030355712,0.0,6,0.0,1
0.102590309184546,0.7306333805398619,0.0,8,0.0,1
0.2320910408425228,0.8712709426123081,0.0,6,0.0,1
0.154076625668496,0.8109495453011464,0.0,5,0.0,1
0.194317905753281,0.8194361063735329,0.0,6,0.0,1
0.2531036198816089,0.9504944171550178,0.0,5,0.0,1
0.2444563929230474,0.7377045371642084,0.0,8,0.0,1
0.065649673929697,0.9880522933797812,0.0,6,0.0,1
0.2544549539417722,0.766612599377286,0.0,7,0.0,1
0.2257103511168526,0.7824293490049159,0.0,6,0.0,1
0.0644887112010881,0.8392854680221193,0.0,8,0.0,1
0.1297840316554521,0.7950649821461305,0.0,8,0.0,1
0.2322223276787716,0.9314548993505118,0.0,7,0.0,1
0.1140130600611716,0.89302466589945,0.0,8,0.0,1
0.1000516249529564,0.7766777642583256,0.0,7,0.0,1
0.1685886757958724,0.796821041123395,0.0,7,0.0,1
0.1570022383418462,0.7703088692764269,0.0,8,0.0,1
0.0862147801653354,0.952724920157142,0.0,8,0.0,1
0.2502553542114074,0.8190331722175961,0.0,6,0.0,1
0.0981984646870477,0.8999744248003194,0.0,7,0.0,1
0.1469330488650239,0.9124139529858818,0.0,8,0.0,1
0.1578800845973244,0.7716407538007424,0.0,8,0.0,1
0.265599059052816,0.8724772584542011,0.0,5,0.0,1
0.0712726672512092,0.9020932560220128,0.0,5,0.0,1
0.2716277821043071,0.7351987368377207,0.0,6,0.0,1
0.1055853146759194,0.9011670274801228,0.0,6,0.0,1
0.2000604428179862,0.7234462476453515,0.0,7,0.0,1
0.0890341272999174,0.8235490906715676,0.0,7,0.0,1
0.2691375519541458,0.9716918245230896,0.0,8,0.0,1
0.2723895041852127,0.9572570118448328,0.0,5,0.0,1
0.1226095540699735,0.8353233693957466,0.0,5,0.0,1
0.2268042497366791,0.9600214122733894,0.0,7,0.0,1
0.2249863120272601,0.8214806735871616,0.0,5,0.0,1
0.0661525918517038,0.8375117284355732,0.0,6,0.0,1
0.1793029424787979,0.9689165711120776,0.0,7,0.0,1
0.1940466716720859,0.9211376456357848,0.0,8,0.0,1
0.1045637527855417,0.7006138140104029,0.0,7,0.0,1
0.107227739344536,0.7546310478731371,0.0,6,0.0,1
0.1066949161043196,0.8643457578430598,0.0,7,0.0,1
0.2127775835842857,0.8310916535870025,0.0,8,0.0,1
0.0832942247786024,0.9325231276659448,0.0,5,0.0,1
0.1527761522330158,0.9361774421794476,0.0,8,0.0,1
0.2093080081960506,0.943259959536124,0.0,6,0.0,1
0.1176721080271496,0.8878473312732943,0.0,8,0.0,1
0.203950695863586,0.8243832087988678,0.0,5,0.0,1
0.1412952394807313,0.973650735241456,0.0,6,0.0,1
0.1993733791450677,0.864121117764167,0.0,7,0.0,1
0.0917429610038533,0.9743850350871356,0.0,5,0.0,1
0.2386259716003232,0.9108849767845776,0.0,5,0.0,1
0.2281021969838548,0.8963701951629055,0.0,5,0.0,1
0.2489597958622958,0.7364684720488393,0.0,5,0.0,1
0.2472676673085581,0.8464157527356113,0.0,8,0.0,1
0.192013405183249,0.984357522581886,0.0,7,0.0,1
0.2477334107779442,0.7746742384556317,0.0,5,0.0,1
0.2161546781860699,0.9614813711196196,0.0,5,0.0,1
0.2367823498192558,0.7999426807368647,0.0,5,0.0,1
0.2197342131039013,0.932040562419581,0.0,7,0.0,1
0.2563984631050339,0.780581591456895,0.0,7,0.0,1
0.1351178643496123,0.737223480042442,0.0,7,0.0,1
0.2747366174776551,0.8225060763438717,0.0,8,0.0,1
0.2641931861593238,0.9780482840241516,0.0,5,0.0,1
0.1630634949536089,0.811322417982566,0.0,6,0.0,1
0.1765585978155756,0.7710898692248018,0.0,5,0.0,1
0.2702723930926121,0.7972444527112927,0.0,5,0.0,1
0.1007290146992026,0.8350394013665048,0.0,5,0.0,1
0.225349641521423,0.9725612361172826,0.0,8,0.0,1
0.2472056455808402,0.9504040848877572,0.0,6,0.0,1
0.0813799372441775,0.726867147373635,0.0,8,0.0,1
0.1824454320498711,0.8370663147019344,0.0,5,0.0,1
0.1248693818374802,0.8411347803166649,0.0,7,0.0,1
0.0643785669002615,0.8827574640072084,0.0,7,0.0,1
0.1715304356272399,0.7998965270169552,0.0,6,0.0,1
0.1402815641792931,0.7362581945354184,0.0,5,0.0,1
0.2507922062242017,0.9346484445367518,0.0,5,0.0,1
0.2336777796483702,0.9312283402321888,0.0,8,0.0,1
0.06262723896982,0.8913830204620197,0.0,8,0.0,1
0.1492543121236654,0.7919550748353198,0.0,8,0.0,1
0.260315866671848,0.9751620768541652,0.0,8,0.0,1
0.1827418887241336,0.9003224481373784,0.0,6,0.0,1
0.1872791893075294,0.8764402239419982,0.0,6,0.0,1
0.1560687955130846,0.759504509445869,0.0,7,0.0,1
0.1574278055237297,0.9056988547832364,0.0,6,0.0,1
0.2476838679645701,0.8593321517832633,0.0,7,0.0,1
0.1852760170700852,0.7615869997605604,0.0,7,0.0,1
0.2371389693123207,0.791104811760831,0.0,5,0.0,1
0.1456469147560509,0.8710178555802961,0.0,8,0.0,1
0.122945834744964,0.964978125190348,0.0,5,0.0,1
0.2516727734563406,0.7725566467442219,0.0,5,0.0,1
0.2369719493685156,0.7277721521722843,0.0,8,0.0,1
0.1019358559690961,0.8401785467271903,0.0,7,0.0,1
0.2711862055301735,0.7109008272924041,0.0,6,0.0,1
0.2663940957751134,0.9990904050513096,0.0,6,0.0,1
0.2191899538886763,0.9144486043934432,0.0,7,0.0,1
0.1074344251039615,0.9399290249369384,0.0,8,0.0,1
0.2091059570734939,0.9059721856016236,0.0,7,0.0,1
0.1411210586476865,0.9956539855698804,0.0,8,0.0,1
0.2484948794392734,0.9587169508976504,0.0,6,0.0,1
0.2002782217407799,0.8347527564439154,0.0,6,0.0,1
0.0832764972688632,0.8504956261594591,0.0,6,0.0,1
0.1328480516348035,0.7134698983723565,0.0,5,0.0,1
0.1372191613113846,0.9615974695734522,0.0,7,0.0,1
0.0945703999432448,0.9035510994987346,0.0,8,0.0,1
0.2546775926715133,0.7596597814479932,0.0,5,0.0,1
0.0856435981585572,0.7235883995621344,0.0,8,0.0,1
0.1752806870350503,0.7220579594232296,0.0,8,0.0,1
0.2554949236768136,0.7729914294070813,0.0,5,0.0,1
0.0839130283277257,0.904184871379868,0.0,5,0.0,1
0.2162867010726278,0.7869163774221744,0.0,7,0.0,1
0.1710771098273532,0.948997482468156,0.0,6,0.0,1
0.2033284585724765,0.8431021993701517,0.0,6,0.0,1
0.2488227437968496,0.7790775682306545,0.0,5,0.0,1
0.1291790928235627,0.8407813380783087,0.0,8,0.0,1
0.185413773814778,0.9850793854999476,0.0,8,0.0,1
0.2153210093143207,0.7345550700196005,0.0,6,0.0,1
0.138204817396826,0.71523977249637,0.0,5,0.0,1
0.1071590699112668,0.7394043575091801,0.0,6,0.0,1
0.2297338627947971,0.8707805276717405,0.0,6,0.0,1
0.2047683166877105,0.733432381659088,0.0,7,0.0,1
0.0752951158218927,0.9142650295308584,0.0,5,0.0,1
0.1627200546781963,0.932401230007032,0.0,7,0.0,1
0.1285449611114129,0.7576967937629745,0.0,5,0.0,1
0.1516248879520755,0.7963042058307916,0.0,7,0.0,1
0.2698694538832299,0.721720435549436,0.0,5,0.0,1
0.11498838053431,0.7517375799142331,0.0,5,0.0,1
0.2174720752279925,0.747422609071573,0.0,5,0.0,1
0.1898571289180504,0.9263218133695114,0.0,8,0.0,1
0.1070263984283891,0.8684928926090455,0.0,8,0.0,1
0.1584562744037397,0.7240922332079605,0.0,5,0.0,1
0.1246125152654228,0.9505422495179652,0.0,8,0.0,1
0.2677080350819613,0.7879298335163153,0.0,8,0.0,1
0.2554214350779361,0.7658864320741181,0.0,5,0.0,1
0.2447297341106073,0.7787732113851811,0.0,7,0.0,1
0.1293410281828473,0.8495050401487257,0.0,8,0.0,1
0.0660091987940434,0.7174893752362954,0.0,5,0.0,1
0.2135665153301437,0.8710450001773606,0.0,7,0.0,1
0.1701754889670799,0.9684412271550664,0.0,8,0.0,1
0.1803302749517662,0.8071830022589588,0.0,8,0.0,1
0.1743415657574886,0.7809034560461844,0.0,7,0.0,1
0.0772227554216059,0.8353166143020463,0.0,7,0.0,1
0.2013907916487297,0.8009341434636257,0.0,6,0.0,1
0.0923425343775315,0.9584743040048888,0.0,6,0.0,1
0.0824326885474926,0.8548606601630296,0.0,6,0.0,1
0.1697651084776121,0.950607138880432,0.0,5,0.0,1
0.1576752897063621,0.7519954076353316,0.0,8,0.0,1
0.1439804952454966,0.9926518214938048,0.0,5,0.0,1
0.2647243478920787,0.7486932376934445,0.0,8,0.0,1
0.2612346096368243,0.7149480778295803,0.0,7,0.0,1
0.0658443283039657,0.7123922013811486,0.0,7,0.0,1
0.1436064610973701,0.8597806015958849,0.0,7,0.0,1
0.2662616199707955,0.7056787577639102,0.0,7,0.0,1
0.2749655204490561,0.9606866005560148,0.0,5,0.0,1
0.0994511259458428,0.8832017652272453,0.0,6,0.0,1
0.2205670767889535,0.836063383356838,0.0,7,0.0,1
0.1385529660276358,0.9092701327262463,0.0,7,0.0,1
0.0658373592442983,0.7551356930538751,0.0,7,0.0,1
0.1161223636459611,0.7695647255531484,0.0,7,0.0,1
0.0946680077252355,0.9801193918820058,0.0,6,0.0,1
0.135961770899336,0.99392974634436,0.0,5,0.0,1
0.2557376119315071,0.9639350795924518,0.0,7,0.0,1
0.2515581139201723,0.8871207655434857,0.0,5,0.0,1
0.101558123098601,0.867832931175312,0.0,5,0.0,1
0.2508538535391199,0.8711453627068979,0.0,7,0.0,1
0.1369763556968145,0.7614018560557454,0.0,8,0.0,1
0.2558970055856279,0.9881157935898766,0.0,7,0.0,1
0.0798012873529842,0.977855871265972,0.0,6,0.0,1
0.2185695925405154,0.7642627651492839,0.0,7,0.0,1
0.2657339479129033,0.844118381143844,0.0,7,0.0,1
0.2516863901772084,0.8161199158608009,0.0,8,0.0,1
0.1240735081411069,0.8432305544238659,0.0,7,0.0,1
0.2493087581480594,0.883122412094039,0.0,8,0.0,1
0.0996237967518328,0.8540765215504902,0.0,6,0.0,1
0.1869726304405035,0.7375831078584832,0.0,7,0.0,1
0.1081314733195725,0.8045775980910678,0.0,5,0.0,1
0.267211235001737,0.9382209218527012,0.0,7,0.0,1
0.1698796799598839,0.9837712310395348,0.0,8,0.0,1
0.128400249575832,0.8738430207567961,0.0,7,0.0,1
0.2415001121641047,0.9741210206812244,0.0,6,0.0,1
0.0628015306981599,0.7580998164521664,0.0,7,0.0,1
0.0667494133110118,0.7676631349995149,0.0,7,0.0,1
0.2045898939683635,0.8675330677576527,0.0,5,0.0,1
0.1942713054017678,0.9268123517309976,0.0,7,0.0,1
0.1085171743453001,0.904046406442808,0.0,5,0.0,1
0.076801581006408,0.7750513639603712,0.0,8,0.0,1
0.2397925007346696,0.99812330662439,0.0,7,0.0,1
0.2704419183689349,0.8798645633827478,0.0,8,0.0,1
0.1988884511976715,0.9607478088610522,0.0,5,0.0,1
0.1391133450425225,0.932111466903448,0.0,7,0.0,1
0.2730415220592781,0.8711214460821533,0.0,8,0.0,1
0.1612389373361174,0.7149072342807293,0.0,7,0.0,1
0.1574092816365082,0.7928059320428883,0.0,7,0.0,1
0.0756013713103236,0.8241933069123465,0.0,6,0.0,1
0.1827641279955002,0.8444050417040395,0.0,7,0.0,1
0.1059880339353377,0.9103435836157784,0.0,7,0.0,1
0.1706745912666179,0.9672522424863506,0.0,6,0.0,1
0.2533386460132397,0.894979289959942,0.0,7,0.0,1
0.1187552199179482,0.8729918372745383,0.0,5,0.0,1
0.2533175602215052,0.7067460594282216,0.0,8,0.0,1
0.1007173031940625,0.9578589024452462,0.0,7,0.0,1
0.2324719588942186,0.9022849032640547,0.0,8,0.0,1
0.0926726881668258,0.7617014301894237,0.0,7,0.0,1
0.2075509615634251,0.7017147572070087,0.0,8,0.0,1
0.1324336502301017,0.8411935662812932,0.0,6,0.0,1
0.1365137983832105,0.8520377931070982,0.0,8,0.0,1
0.1329566374880429,0.8815493618872503,0.0,6,0.0,1
0.2384489972479316,0.7518062670801422,0.0,8,0.0,1
0.0794578839292583,0.7380969532821431,0.0,5,0.0,1
0.152275216352023,0.7944333948673282,0.0,5,0.0,1
0.1754879435762286,0.7946345550582457,0.0,7,0.0,1
0.1448738393902001,0.7988089892380671,0.0,6,0.0,1
0.2143475200348884,0.8787991177851642,0.0,5,0.0,1
0.2514768643076591,0.7514676835604747,0.0,7,0.0,1
0.2262768459957299,0.7903385170375522,0.0,8,0.0,1
0.268460060530664,0.8275417090036751,0.0,7,0.0,1
0.2242707812340926,0.869144384959258,0.0,7,0.0,1
0.2359575610455184,0.7307528869777218,0.0,7,0.0,1
0.2231323173327913,0.7101471061712871,0.0,7,0.0,1
0.0864801275723814,0.8638986496791989,0.0,5,0.0,1
0.1665456089928161,0.7346503258577234,0.0,5,0.0,1
0.1024407872720071,0.8652104990195653,0.0,6,0.0,1
0.105655167460803,0.7777926798861575,0.0,6,0.0,1
0.1847005554678237,0.9552468963266308,0.0,7,0.0,1
0.180851671324571,0.9068625736432164,0.0,6,0.0,1
0.1219033624708666,0.902452116112267,0.0,5,0.0,1
0.2647238510508463,0.919264545323302,0.0,6,0.0,1
0.2345974798512468,0.8298789989240205,0.0,7,0.0,1
0.1736658153652713,0.7671830875392205,0.0,5,0.0,1
0.0832036510515958,0.7350442932177282,0.0,5,0.0,1
0.1971233443031698,0.8669813667245538,0.0,8,0.0,1
0.2669371035400696,0.7959425839509378,0.0,6,0.0,1
0.240193225636964,0.7664869557076337,0.0,7,0.0,1
0.2378365793227682,0.8760523091759299,0.0,8,0.0,1
0.0640557998118398,0.8907257338343972,0.0,6,0.0,1
0.0810714938581414,0.7467995671174695,0.0,8,0.0,1
0.1089960642171577,0.760041960186834,0.0,6,0.0,1
0.2307769131243615,0.8969324347564476,0.0,5,0.0,1
0.0999678602617832,0.9930367813506102,0.0,8,0.0,1
0.2361360979909588,0.9272274950773371,0.0,5,0.0,1
0.2144368879179724,0.9112070961044674,0.0,8,0.0,1
0.2517701895887493,0.8189239533141613,0.0,8,0.0,1
0.2745428165125753,0.7490870382163738,0.0,8,0.0,1
0.158059457273014,0.7424955927267011,0.0,5,0.0,1
0.2469813374666427,0.7380828601017496,0.0,8,0.0,1
0.110125595283438,0.8525129420134983,0.0,6,0.0,1
0.2050815338181968,0.8194787292766371,0.0,7,0.0,1
0.2405819474783296,0.999514562557307,0.0,7,0.0,1
0.1174527625232683,0.8517612333645601,0.0,6,0.0,1
0.2611624304827132,0.9747963657233548,0.0,7,0.0,1
0.1110741424271369,0.7508481229888677,0.0,6,0.0,1
0.1257379200269597,0.9345777847911512,0.0,5,0.0,1
0.0802192669256038,0.8765942011386761,0.0,8,0.0,1
0.0829208753790302,0.792791881667508,0.0,6,0.0,1
0.210933792009645,0.9794372233155496,0.0,7,0.0,1
0.2648704325543935,0.7711242802153079,0.0,5,0.0,1
0.1338420003740712,0.7955274189916784,0.0,5,0.0,1
0.077177626395711,0.7040755397946642,0.0,6,0.0,1
0.1757229220189752,0.7438353574299559,0.0,6,0.0,1
0.2592933458272158,0.8532786408859597,0.0,5,0.0,1
0.0753781024283146,0.9184777834658432,0.0,7,0.0,1
0.2166060673711476,0.9072809008279984,0.0,5,0.0,1
0.2750617121934133,0.7077045899337671,0.0,7,0.0,1
0.2695769051937789,0.7699435071009456,0.0,7,0.0,1
0.1194182532831688,0.9289089105131044,0.0,6,0.0,1
0.0789932571200127,0.9091793778169628,0.0,6,0.0,1
0.1623942457858072,0.8727731665778675,0.0,7,0.0,1
0.1515594674851618,0.8858483379897163,0.0,5,0.0,1
0.1967018138771668,0.7160357354125276,0.0,7,0.0,1
0.156352363727748,0.7733882889467165,0.0,7,0.0,1
0.1583885240718065,0.8952583319848039,0.0,6,0.0,1
0.1585666111429679,0.9254765510790888,0.0,5,0.0,1
0.2542311691999932,0.85854601790783,0.0,6,0.0,1
0.1856457746699588,0.964745193439033,0.0,7,0.0,1
0.1007571383119043,0.9588228905689434,0.0,6,0.0,1
0.1870519501493059,0.822220348259214,0.0,6,0.0,1
0.1953168321629292,0.9111323354737622,0.0,8,0.0,1
0.2153267102615428,0.9490209069753712,0.0,7,0.0,1
0.0692338552277478,0.8449467168761731,0.0,6,0.0,1
0.101905650577633,0.8515487965927714,0.0,5,0.0,1
0.1652166674080228,0.7840147206540321,0.0,6,0.0,1
0.1784143149921017,0.8373854191850241,0.0,6,0.0,1
0.2739623186012375,0.8227896656513474,0.0,6,0.0,1
0.0764365176436955,0.8048487081242354,0.0,5,0.0,1
0.2598667783484681,0.8948386428124944,0.0,8,0.0,1
0.0711423249926503,0.8259443185600213,0.0,5,0.0,1
0.2402966228690179,0.8483328887517674,0.0,6,0.0,1
0.2449394419335773,0.9623875017152048,0.0,8,0.0,1
0.2229015132326185,0.9456623107598428,0.0,7,0.0,1
0.1079035785907829,0.986912719646529,0.0,8,0.0,1
0.1354687338667325,0.7593520085620338,0.0,7,0.0,1
0.1245874968206354,0.7448703558854325,0.0,6,0.0,1
0.2394025945124668,0.755505843447827,0.0,8,0.0,1
0.2587061627788177,0.7467491153454866,0.0,6,0.0,1
0.1581938916381419,0.9138025284367952,0.0,6,0.0,1
0.1134194266789489,0.9179782272181244,0.0,6,0.0,1
0.1206946357793765,0.9637500693847548,0.0,7,0.0,1
0.1487116531092882,0.7047054585451114,0.0,8,0.0,1
0.0817124054723305,0.8217475547146291,0.0,5,0.0,1
0.2464567301888485,0.921176176396999,0.0,7,0.0,1
0.0971810292948698,0.7165737287120586,0.0,7,0.0,1
0.2546284373650608,0.8748292041882628,0.0,5,0.0,1
0.151099533895561,0.9266396985344482,0.0,7,0.0,1
0.0903571448370016,0.8610390601608738,0.0,7,0.0,1
0.1359112925579081,0.785568995646371,0.0,6,0.0,1
0.1892286343333868,0.7493016825038648,0.0,6,0.0,1
0.1638774451849537,0.8166366271745371,0.0,5,0.0,1
0.2433418685426148,0.7303225470109367,0.0,6,0.0,1
0.2131258424631122,0.9129095720402992,0.0,7,0.0,1
0.211340045407274,0.767829215599099,0.0,7,0.0,1
0.1145429260335982,0.704094950532242,0.0,6,0.0,1
0.1199386455587621,0.7389593739435025,0.0,8,0.0,1
0.1607802900960278,0.8560043325181422,0.0,7,0.0,1
0.1974469883968854,0.7900321194732396,0.0,5,0.0,1
0.2179889631330299,0.939983188807857,0.0,6,0.0,1
0.1138212102997083,0.8815427801207495,0.0,5,0.0,1
0.2151574636251868,0.7755168456339301,0.0,6,0.0,1
0.236169612950668,0.9801887683952146,0.0,6,0.0,1
0.1836680762379752,0.9051553467886808,0.0,8,0.0,1
0.2209876193721811,0.9389559488835426,0.0,8,0.0,1
0.1298226842192836,0.8145154658977336,0.0,5,0.0,1
0.1876018013807415,0.8498003200544273,0.0,8,0.0,1
0.117183357161971,0.7421172800028647,0.0,5,0.0,1
0.1908212868282627,0.9329467782944668,0.0,6,0.0,1
0.2582021999337341,0.9494362156424684,0.0,7,0.0,1
0.1415516656645002,0.9199697683683732,0.0,8,0.0,1
0.1267095370423381,0.8591146355081287,0.0,7,0.0,1
0.0736825625175406,0.7880121964628178,0.0,6,0.0,1
0.1175308112642146,0.969242238930752,0.0,7,0.0,1
0.0845124643490565,0.9977225792400242,0.0,6,0.0,1
0.0857565604792026,0.868730258897189,0.0,5,0.0,1
0.1006059816753031,0.8040415587746872,0.0,6,0.0,1
0.2032736812936988,0.9403656681168788,0.0,5,0.0,1
0.1859906816493481,0.886294257300003,0.0,7,0.0,1
0.1783647879091127,0.7470403950613027,0.0,6,0.0,1
0.1511264989899754,0.7389421236499354,0.0,5,0.0,1
0.1625291710908187,0.8160932108720176,0.0,6,0.0,1
0.1485403889388865,0.7528843966629765,0.0,8,0.0,1
0.1526729018203598,0.8293386117894848,0.0,6,0.0,1
0.077957366314831,0.8495989502701903,0.0,8,0.0,1
0.2296057238564567,0.8383823270691265,0.0,7,0.0,1
0.1438167711978372,0.8575468287422515,0.0,7,0.0,1
0.2192631771236496,0.8427244947364506,0.0,5,0.0,1
0.0861273649645942,0.7432579030012085,0.0,8,0.0,1
0.1806113275872505,0.9338325644043264,0.0,6,0.0,1
0.1551061697089027,0.8072858086072131,0.0,6,0.0,1
0.0646997411618847,0.9403889096257316,0.0,6,0.0,1
0.1459995633988942,0.8459710234997772,0.0,8,0.0,1
0.1313560688773913,0.7951652075925114,0.0,6,0.0,1
0.0713826651939703,0.7214888380132023,0.0,6,0.0,1
0.121441527671312,0.8095571362400334,0.0,8,0.0,1
0.2466571642156993,0.943913424128016,0.0,8,0.0,1
0.1879934473533561,0.8836930074198195,0.0,8,0.0,1
0.1588105348476188,0.7743133887929309,0.0,7,0.0,1
0.258278759030539,0.8187298599632008,0.0,6,0.0,1
0.2460339506411966,0.7096153578507256,0.0,7,0.0,1
0.1162011564615508,0.726751550896349,0.0,7,0.0,1
0.2368739636749237,0.8742204226693162,0.0,5,0.0,1
0.1674804101903449,0.7935972106664084,0.0,6,0.0,1
0.2651776874829487,0.7196196206825595,0.0,6,0.0,1
0.1905272435751723,0.7294514315623565,0.0,5,0.0,1
0.2597304593542095,0.9723107940949016,0.0,5,0.0,1
0.2093332939842062,0.9595880726430264,0.0,5,0.0,1
0.0628192253437246,0.8178388734148612,0.0,8,0.0,1
0.1216362424232227,0.70050771417944,0.0,7,0.0,1
0.154066390922273,0.7929679686821609,0.0,5,0.0,1
0.2508245120304705,0.8631519682957498,0.0,7,0.0,1
0.1732092266443958,0.8099267076608946,0.0,7,0.0,1
0.250220100367319,0.8372126496966379,0.0,6,0.0,1
0.163072391030131,0.7340140791617614,0.0,7,0.0,1
0.2751902804214617,0.9233450685227322,0.0,5,0.0,1
0.1412265223798786,0.7689786524461678,0.0,5,0.0,1
0.0740221218112067,0.9584462595294934,0.0,5,0.0,1
0.0775309229154359,0.7499827002352633,0.0,5,0.0,1
0.2056761907816963,0.7347979087001332,0.0,5,0.0,1
0.1970292056965523,0.7117611849104473,0.0,7,0.0,1
0.1373910224390904,0.8106861820838797,0.0,6,0.0,1
0.1330597921858852,0.7712001968502584,0.0,7,0.0,1
0.1512141962169943,0.8502501399296682,0.0,7,0.0,1
0.2169224350352854,0.7450732793374663,0.0,5,0.0,1
0.1004117108400808,0.9218585585288585,0.0,5,0.0,1
0.1234339244068944,0.7623185223645941,0.0,5,0.0,1
0.0777371913486326,0.7910721863661321,0.0,5,0.0,1
0.1635503439619225,0.8324642990612857,0.0,6,0.0,1
0.222472924098837,0.9772395363098334,0.0,5,0.0,1
0.2359941888062017,0.7367069579609924,0.0,7,0.0,1
0.0750166169352912,0.864660453180233,0.0,6,0.0,1
0.1765214446994168,0.7642555668412471,0.0,7,0.0,1
0.1495791765704336,0.7923144681265074,0.0,7,0.0,1
0.1814858034726896,0.779034193852776,0.0,7,0.0,1
0.1495446449893809,0.8772637887744137,0.0,7,0.0,1
0.1618723557949958,0.7447038131275294,0.0,6,0.0,1
0.1533878669482713,0.8624677517621677,0.0,7,0.0,1
0.2498526189871832,0.9979211338530132,0.0,8,0.0,1
0.2294020695844627,0.7971878730000554,0.0,5,0.0,1
0.2203925120525838,0.8839552883094494,0.0,8,0.0,1
0.2561820906465706,0.8509337486493322,0.0,8,0.0,1
0.2585195960539018,0.7287332313622933,0.0,5,0.0,1
0.1121548240355169,0.8149585288004407,0.0,8,0.0,1
0.2203414979898812,0.7648513201063231,0.0,5,0.0,1
0.1768211911126565,0.7834479745303445,0.0,6,0.0,1
0.1052573964950504,0.7061315351990068,0.0,6,0.0,1
0.0856324833954969,0.8548614221719651,0.0,8,0.0,1
0.1003527544257446,0.9724249922155688,0.0,8,0.0,1
0.1969700096617184,0.7243067928515866,0.0,7,0.0,1
0.091753043932118,0.8523439427239742,0.0,5,0.0,1
0.1074473811497357,0.8424846226831837,0.0,5,0.0,1
0.0662709147983662,0.9158939233774068,0.0,6,0.0,1
0.1101819390608493,0.7574187383907166,0.0,7,0.0,1
0.1904708058416937,0.7143591966711288,0.0,8,0.0,1
0.0750951033602589,0.7671752242456028,0.0,5,0.0,1
0.1024587114415065,0.8786280930420566,0.0,7,0.0,1
0.1649571489920351,0.9991886338698812,0.0,5,0.0,1
0.2285981029989147,0.8243907178415976,0.0,5,0.0,1
0.2075958527044999,0.9173723103349184,0.0,8,0.0,1
0.0727478945560112,0.9043432970685482,0.0,7,0.0,1
0.1666467748675152,0.9650270944641942,0.0,8,0.0,1
0.0962020955919619,0.766553367001026,0.0,7,0.0,1
0.1565065256070334,0.9291735828533152,0.0,7,0.0,1
0.2467548887585059,0.8425581084712932,0.0,7,0.0,1
0.1822372398084211,0.8868757124887845,0.0,5,0.0,1
0.2739032037242317,0.7115769625459696,0.0,5,0.0,1
0.1763226880176666,0.9188970851774928,0.0,5,0.0,1
0.0931924692679643,0.7016085891651394,0.0,8,0.0,1
0.2410454670949788,0.8296473386982949,0.0,6,0.0,1
0.1966609766827741,0.786468516264796,0.0,7,0.0,1
0.2275176274060773,0.821573914803013,0.0,6,0.0,1
0.1772156752272544,0.9064719756160442,0.0,5,0.0,1
0.07555668545301,0.7341333450998364,0.0,6,0.0,1
0.1894702826683896,0.9307926510539856,0.0,7,0.0,1
0.1019555644200176,0.8959799872008413,0.0,6,0.0,1
0.2270982913966214,0.9930799539103912,0.0,8,0.0,1
0.215267333796662,0.8859276340750201,0.0,6,0.0,1
0.2387086474919494,0.9135216045122918,0.0,6,0.0,1
0.2215101993780466,0.979919563657198,0.0,7,0.0,1
0.1596328552047273,0.7269691902650836,0.0,8,0.0,1
0.0835259266182018,0.781574870949558,0.0,8,0.0,1
0.0624912835771784,0.7602351340064385,0.0,7,0.0,1
0.1856617120818914,0.7625111267197876,0.0,5,0.0,1
0.1509240562357781,0.916761017065138,0.0,5,0.0,1
0.1382019059314742,0.7553936852718712,0.0,5,0.0,1
0.1146765057946601,0.9154032282338992,0.0,5,0.0,1
0.1353962363999347,0.9766825707592264,0.0,5,0.0,1
0.1999442402857716,0.8429366164599851,0.0,7,0.0,1
0.1121429608243484,0.7886545934283162,0.0,5,0.0,1
0.2205862786770502,0.8077235691090912,0.0,8,0.0,1
0.1811600083647879,0.8144493816974874,0.0,7,0.0,1
0.18974933507485,0.9016036452688638,0.0,6,0.0,1
0.1789670033984984,0.8404217588753129,0.0,8,0.0,1
0.2654353630714937,0.8175711778615883,0.0,6,0.0,1
0.2491933555960964,0.9061072973867323,0.0,8,0.0,1
0.1958222950139497,0.9002044149754094,0.0,7,0.0,1
0.2452828663834865,0.814807985485327,0.0,6,0.0,1
0.1518018886051103,0.8057141408883776,0.0,7,0.0,1
0.0766606349777264,0.9379862596733276,0.0,6,0.0,1
0.1373954667410139,0.8224998907258635,0.0,6,0.0,1
0.1101749384376781,0.7498056367647455,0.0,5,0.0,1
0.1904694847807051,0.8638188424798154,0.0,5,0.0,1
0.1534982218303611,0.950488201135944,0.0,5,0.0,1
0.2076522951591952,0.8077584233594644,0.0,8,0.0,1
0.2280681162204341,0.8934616084855098,0.0,5,0.0,1
0.0695266512273662,0.7894000180651147,0.0,8,0.0,1
0.0768449637388387,0.8947267673986158,0.0,5,0.0,1
0.0890745010822849,0.900808199139518,0.0,6,0.0,1
0.1595158407979037,0.7171522470913175,0.0,8,0.0,1
0.2341912273347213,0.8766769596191719,0.0,5,0.0,1
0.1098033256107135,0.955654211544595,0.0,5,0.0,1
0.0692540600800338,0.8859713129273954,0.0,8,0.0,1
0.0625306149566203,0.9674613735673774,0.0,6,0.0,1
0.1158437142678762,0.7499653322189666,0.0,7,0.0,1
0.2079073477482269,0.8950148397490542,0.0,5,0.0,1
0.1218184754104136,0.7788836438904763,0.0,6,0.0,1
0.1552880143115825,0.9136050461970068,0.0,6,0.0,1
0.2058704721395311,0.9344744747403572,0.0,8,0.0,1
0.242949155361513,0.862805559629278,0.0,5,0.0,1
0.1195170877823247,0.8808739075735197,0.0,8,0.0,1
0.143706017871161,0.9686568239850292,0.0,6,0.0,1
0.1396244708860966,0.8576015859626853,0.0,6,0.0,1
0.150938535945991,0.9130616797600648,0.0,5,0.0,1
0.1761068569145369,0.7740268176536251,0.0,5,0.0,1
0.1190511699568327,0.99765072516043,0.0,8,0.0,1
0.0982893242596344,0.8707315696769962,0.0,7,0.0,1
0.1960592081372559,0.7454940000897892,0.0,5,0.0,1
0.2464409642646882,0.9205243718066208,0.0,6,0.0,1
0.1288189419514615,0.8384192414177983,0.0,6,0.0,1
0.0649281702078272,0.767829935382456,0.0,5,0.0,1
0.1029222888629245,0.7684683610598898,0.0,7,0.0,1
0.1223024544885033,0.9664438105534128,0.0,8,0.0,1
0.2618120575323628,0.8901079051360551,0.0,8,0.0,1
0.0697752135018066,0.9891834314987626,0.0,6,0.0,1
0.2083231694876853,0.99439949461339,0.0,7,0.0,1
0.1476417840266397,0.7476419520486889,0.0,6,0.0,1
0.2182027231472255,0.7330814758934747,0.0,6,0.0,1
0.2140766118057226,0.7937170713102573,0.0,7,0.0,1
0.1228283422341919,0.7685854288132357,0.0,7,0.0,1
0.1901420803158274,0.8829001169838374,0.0,7,0.0,1
0.1776297542513321,0.7903687722506465,0.0,7,0.0,1
0.0861194961796985,0.9323225918079516,0.0,5,0.0,1
0.0811156624197274,0.8766278315043237,0.0,8,0.0,1
0.2104695980027436,0.7897658341952867,0.0,6,0.0,1
0.2642883702072537,0.9934022141410396,0.0,6,0.0,1
0.222847547431843,0.8960578350650076,0.0,7,0.0,1
0.2401317777466552,0.7540980840616235,0.0,6,0.0,1
0.2187099367851153,0.7311596526760247,0.0,5,0.0,1
0.2011428712568092,0.7788123606284724,0.0,6,0.0,1
0.1755476445289441,0.9387518223707588,0.0,7,0.0,1
0.1093159051500934,0.8634670385698768,0.0,7,0.0,1
0.0693786597131944,0.7683484740733582,0.0,7,0.0,1
0.0862097917975992,0.9036074387000932,0.0,6,0.0,1
0.1968204108565982,0.9663227164462312,0.0,7,0.0,1
0.2086559730951467,0.947359613636176,0.0,6,0.0,1
0.2611725692726819,0.7147952051311419,0.0,5,0.0,1
0.0641615559514394,0.9750126177235416,0.0,7,0.0,1
0.271900703798262,0.733658551882785,0.0,5,0.0,1
0.1194506879485611,0.8825140766718236,0.0,8,0.0,1
0.0947865747831139,0.8831412692696111,0.0,5,0.0,1
0.0939496012832803,0.9796778675312532,0.0,8,0.0,1
0.1393139583897609,0.9677413589708612,0.0,8,0.0,1
0.0865473354640516,0.7902900321918358,0.0,6,0.0,1
0.1909769386869747,0.7761172391283995,0.0,6,0.0,1
0.1139337198102639,0.9315140088079398,0.0,8,0.0,1
0.1904830804428191,0.9492750251086862,0.0,5,0.0,1
0.1796045841874126,0.7401786477933646,0.0,5,0.0,1
0.2582879919450428,0.8343721490484171,0.0,7,0.0,1
0.2090225984685354,0.803298734349223,0.0,7,0.0,1
0.0631828837471388,0.9744000918365752,0.0,8,0.0,1
0.1273569441475162,0.9383841732072276,0.0,5,0.0,1
0.1295155357601906,0.8306947738611038,0.0,5,0.0,1
0.2406934603399114,0.7004763124803594,0.0,5,0.0,1
0.2456130592366364,0.7596037614470249,0.0,6,0.0,1
0.1193575007567801,0.904486765423438,0.0,8,0.0,1
0.1666286365687242,0.8305264032298153,0.0,5,0.0,1
0.1509405729660129,0.8447203685262042,0.0,8,0.0,1
0.2728115628813787,0.7339410208833961,0.0,8,0.0,1
0.2261400607116751,0.8458990905937239,0.0,8,0.0,1
0.2135347481023399,0.7093263792909926,0.0,8,0.0,1
0.0731526548532285,0.72106879716596,0.0,6,0.0,1
0.0747450949253996,0.7244301220315854,0.0,6,0.0,1
0.2670667337207806,0.7068634767213997,0.0,5,0.0,1
0.1284509205327525,0.9638048277303968,0.0,7,0.0,1
0.1605130809822911,0.7311733696890671,0.0,8,0.0,1
0.0977264286196739,0.8148554821596296,0.0,5,0.0,1
0.2441778517807539,0.7210592053378171,0.0,7,0.0,1
0.1199868496279614,0.9118072247852684,0.0,5,0.0,1
0.1475779431457593,0.8141809943722077,0.0,6,0.0,1
0.1189389635792709,0.8037153588836806,0.0,5,0.0,1
0.2600507597360378,0.804043878638269,0.0,7,0.0,1
0.2064677726962751,0.8712732450469114,0.0,8,0.0,1
0.0767827752780136,0.956419545325697,0.0,6,0.0,1
0.2052000027304442,0.9251976564936094,0.0,5,0.0,1
0.2640606043721455,0.745222477804595,0.0,7,0.0,1
0.2369911136520118,0.7553046323111857,0.0,6,0.0,1
0.2139102308003268,0.9331803874854756,0.0,8,0.0,1
0.1954769515941808,0.9728904695932864,0.0,8,0.0,1
0.2322813488900907,0.7490152346390866,0.0,5,0.0,1
0.0675814254944542,0.7704113768781382,0.0,8,0.0,1
0.0912868071327815,0.9181458298828088,0.0,8,0.0,1
0.1032959421182931,0.8945759466172082,0.0,8,0.0,1
0.1556924905292423,0.8353276620927923,0.0,7,0.0,1
0.0953873247782534,0.7676826697041014,0.0,8,0.0,1
0.0634648714647876,0.7447502974810518,0.0,8,0.0,1
0.2097990500343225,0.7727945009106755,0.0,5,0.0,1
0.2286474004908134,0.9257756085363846,0.0,8,0.0,1
0.174587339601746,0.782714148520334,0.0,7,0.0,1
0.1045655481695475,0.9210730301212908,0.0,5,0.0,1
0.2505683890423218,0.7193300075430664,0.0,7,0.0,1
0.1136245620735569,0.7587516167775035,0.0,7,0.0,1
0.1040656500045814,0.7433123578368283,0.0,6,0.0,1
0.119823569657691,0.8899169291182278,0.0,8,0.0,1
0.1573059383571578,0.8850131708032749,0.0,5,0.0,1
0.0883188641927426,0.7716572982636827,0.0,6,0.0,1
0.2608344241227535,0.9894678919748464,0.0,7,0.0,1
0.2408824082589627,0.738028820040784,0.0,5,0.0,1
0.2400866045880701,0.7493478103256406,0.0,6,0.0,1
0.223400033817086,0.9653739875435036,0.0,7,0.0,1
0.1066388818621257,0.783795515872652,0.0,8,0.0,1
0.1434796751158484,0.7659210501278693,0.0,8,0.0,1
0.2041627065103804,0.7984009787253,0.0,7,0.0,1
0.2546153032884789,0.9862522793327226,0.0,7,0.0,1
0.1133003898957828,0.717229348696471,0.0,8,0.0,1
0.1491275357832912,0.9398626088404678,0.0,6,0.0,1
0.2369432411406777,0.7070430989371099,0.0,8,0.0,1
0.1373033040011319,0.7750053171664042,0.0,5,0.0,1
0.222645878950628,0.9080124937116903,0.0,6,0.0,1
0.0911437121592769,0.9669797717613576,0.0,5,0.0,1
0.1535874881015264,0.8212047256952131,0.0,6,0.0,1
0.2635127112379186,0.7964945022711143,0.0,8,0.0,1
0.0851217598101198,0.7221879620573983,0.0,7,0.0,1
0.1105095321220283,0.8194770456960933,0.0,6,0.0,1
0.1868180634197019,0.9268804881597426,0.0,7,0.0,1
0.0659193880140262,0.8450396826948897,0.0,8,0.0,1
0.1532114365154283,0.8327268024764753,0.0,6,0.0,1
0.091470720800379,0.9999650382284788,0.0,6,0.0,1
0.11722905282883,0.7035720505394197,0.0,7,0.0,1
0.1654818145701785,0.9823767541450056,0.0,5,0.0,1
0.1310947191765164,0.9536145849961624,0.0,6,0.0,1
0.0955365596441609,0.7781392550087309,0.0,5,0.0,1
0.1029681734550495,0.997545165509452,0.0,6,0.0,1
0.1366756395292282,0.9193668503364232,0.0,8,0.0,1
0.2436319724203571,0.950855918881594,0.0,8,0.0,1
0.138880278970848,0.7510805761269912,0.0,5,0.0,1
0.1944244358598955,0.9609305638774494,0.0,8,0.0,1
0.2352062361354201,0.9293290355089112,0.0,8,0.0,1
0.1604210717412722,0.9425021001541312,0.0,7,0.0,1
0.2308486762897421,0.7864727773475344,0.0,7,0.0,1
0.273893134924438,0.959930504706806,0.0,7,0.0,1
0.1536169278675712,0.9929349135546034,0.0,6,0.0,1
0.2343469681857538,0.9132656683067972,0.0,7,0.0,1
0.2392603325934429,0.9202675581523836,0.0,8,0.0,1
0.2596788330292366,0.964053902096036,0.0,8,0.0,1
0.113449948612412,0.9285345159928396,0.0,6,0.0,1
0.2354928980718521,0.9179570853285448,0.0,8,0.0,1
0.0941857861374194,0.8919791881924313,0.0,7,0.0,1
0.1027746861130727,0.996954660956081,0.0,8,0.0,1
0.0846286560405409,0.9547300655928193,0.0,5,0.0,1
0.1024297709303646,0.8174320869415097,0.0,6,0.0,1
0.0940438891759236,0.9746350147156017,0.0,8,0.0,1
0.2666683109075178,0.719903385133758,0.0,8,0.0,1
0.2025734932222433,0.9447642710545296,0.0,6,0.0,1
0.1246323766970897,0.9470342989274712,0.0,6,0.0,1
0.2482509323780867,0.7501963920278232,0.0,7,0.0,1
0.2254582542101441,0.941285609621574,0.0,7,0.0,1
0.1594071228748828,0.7761429457289414,0.0,8,0.0,1
0.1343669312063903,0.8121200073471735,0.0,6,0.0,1
0.1607517113763249,0.7622980427301594,0.0,7,0.0,1
0.1720403732694111,0.802717563731711,0.0,6,0.0,1
0.2718757601560586,0.8286586738943924,0.0,8,0.0,1
0.1549370221874602,0.785340615134318,0.0,8,0.0,1
0.2580520900490193,0.8133566538864221,0.0,5,0.0,1
0.2702832122358118,0.8002123534183548,0.0,6,0.0,1
0.1627322810484782,0.8985473938923206,0.0,5,0.0,1
0.1737219195374249,0.7167066751797438,0.0,5,0.0,1
0.1310522973250618,0.7246807440256123,0.0,8,0.0,1
0.1182770821239665,0.8959218508942589,0.0,6,0.0,1
0.1955772352018916,0.7433884457276576,0.0,7,0.0,1
0.1374815261310323,0.8689925958816931,0.0,5,0.0,1
0.1781207632956092,0.9589634359985336,0.0,8,0.0,1
0.1067516863066568,0.995062521922462,0.0,5,0.0,1
0.189392714825182,0.92123170976814,0.0,7,0.0,1
0.1397350555071284,0.983379429457081,0.0,7,0.0,1
0.1506102929010106,0.8355071280518203,0.0,8,0.0,1
0.2611672339426746,0.9847611336467256,0.0,8,0.0,1
0.1753966571342223,0.8713302297776109,0.0,6,0.0,1
0.1074387725449215,0.9324092480027584,0.0,8,0.0,1
0.0837398299851846,0.8115973758382953,0.0,5,0.0,1
0.1489364400443599,0.7482149889751115,0.0,7,0.0,1
0.1568107645193812,0.7197683668495144,0.0,5,0.0,1
0.2465727549758214,0.7828587189308691,0.0,8,0.0,1
0.2523186872935291,0.9683953416612278,0.0,7,0.0,1
0.1834165639951189,0.9905270896992672,0.0,8,0.0,1
0.0857536401882355,0.7971862932292916,0.0,6,0.0,1
0.1409582866170499,0.9885265857192248,0.0,6,0.0,1
0.2320663942206719,0.9231744008385144,0.0,7,0.0,1
0.2707524860738372,0.7355617874051058,0.0,8,0.0,1
0.0835112697018368,0.9510432789487078,0.0,5,0.0,1
0.1947469365107327,0.9750075480309404,0.0,6,0.0,1
0.1516719523762514,0.9884916109949814,0.0,5,0.0,1
0.1053319371517311,0.8242724620795991,0.0,8,0.0,1
0.0797777027268917,0.8410323769301216,0.0,8,0.0,1
0.0791169554563596,0.9117186719732002,0.0,8,0.0,1
0.2082587818705299,0.736677043071472,0.0,7,0.0,1
0.1615324560512127,0.9429200938814832,0.0,5,0.0,1
0.0914732772091619,0.7206389850865303,0.0,6,0.0,1
0.0850103163817487,0.7645902352390277,0.0,6,0.0,1
0.1388233972085996,0.8305068283075072,0.0,7,0.0,1
0.2458072633624337,0.7543489675270916,0.0,8,0.0,1
0.2330033841771575,0.9515566028456984,0.0,5,0.0,1
0.152115296581052,0.8579276408814541,0.0,8,0.0,1
0.1870146138722628,0.9008810091201912,0.0,5,0.0,1
0.2065554953352017,0.8762061148630397,0.0,5,0.0,1
0.2457203704461012,0.7312138291698526,0.0,8,0.0,1
0.1561626823645385,0.7613084178188114,0.0,7,0.0,1
0.0726815622945252,0.9201645527199772,0.0,8,0.0,1
0.1656740325240171,0.94284223660402,0.0,5,0.0,1
0.2519829833136572,0.7228032009841661,0.0,6,0.0,1
0.0846055607620377,0.9090685263699964,0.0,8,0.0,1
0.1917490649183774,0.8373897947985203,0.0,7,0.0,1
0.2580319032198891,0.9644645987477642,0.0,8,0.0,1
0.0670137826782006,0.7646475679441105,0.0,5,0.0,1
0.1944401636348346,0.7960201458242777,0.0,5,0.0,1
0.1003856848484179,0.9043369796186612,0.0,7,0.0,1
0.0980483569653988,0.8297903259343842,0.0,7,0.0,1
0.1173130451942558,0.8792439111961803,0.0,8,0.0,1
0.1939195649999622,0.7492315714582454,0.0,8,0.0,1
0.1518395423932918,0.8838936873069441,0.0,6,0.0,1
0.1615898721283926,0.8812647734026011,0.0,5,0.0,1
0.253728752556218,0.9173158128509616,0.0,8,0.0,1
0.2375141775745079,0.8614754639273351,0.0,5,0.0,1
0.0897651946492789,0.7173711403265944,0.0,5,0.0,1
0.1755663178519307,0.9916241087019944,0.0,8,0.0,1
0.0782657561293479,0.7963638788624957,0.0,8,0.0,1
0.2363596192244518,0.854046478145318,0.0,6,0.0,1
0.2529679922896262,0.7356168487365334,0.0,5,0.0,1
0.2528563216364752,0.9464321966129682,0.0,6,0.0,1
0.1544820589598979,0.9320665370536244,0.0,7,0.0,1
0.241711400330567,0.9233845244520829,0.0,7,0.0,1
0.2298008404954577,0.727812375145259,0.0,8,0.0,1
0.1520143670847854,0.9355577821102214,0.0,6,0.0,1
0.1996474092489117,0.9159334673218936,0.0,6,0.0,1
0.0648720971273812,0.8900979554144033,0.0,5,0.0,1
0.2652499096190636,0.987382724911548,0.0,5,0.0,1
0.2153821207260374,0.8166291086100708,0.0,7,0.0,1
0.2612152244119459,0.7901911942014774,0.0,7,0.0,1
0.2743242487679407,0.7603480267424111,0.0,7,0.0,1
0.1273476224671275,0.7477910419337762,0.0,5,0.0,1
0.1623245677965582,0.8367089878577185,0.0,6,0.0,1
0.107737058297151,0.7201103844963261,0.0,5,0.0,1
0.1236946883123935,0.8501768218283269,0.0,5,0.0,1
0.2267649014913314,0.99909265001037,0.0,5,0.0,1
0.1125860178238541,0.8172256605738576,0.0,7,0.0,1
0.0664858463221221,0.8316409301995451,0.0,6,0.0,1
0.088710350357283,0.7442601799436196,0.0,5,0.0,1
0.2222511162014308,0.8667179496105477,0.0,5,0.0,1
0.2727924992251428,0.9878472088622288,0.0,8,0.0,1
0.1356947042607656,0.9573239954948654,0.0,5,0.0,1
0.1696505142080142,0.7732381693165851,0.0,5,0.0,1
0.2193420835711934,0.8290488244880573,0.0,6,0.0,1
0.2279521477067104,0.9476644635959316,0.0,5,0.0,1
0.0837022017653865,0.8354811502639069,0.0,6,0.0,1
0.2231857444322523,0.9846326424208898,0.0,7,0.0,1
0.1240296076990628,0.8299460491904154,0.0,5,0.0,1
0.2059176786743339,0.8114207636647899,0.0,5,0.0,1
0.1825521198144838,0.7267289343811252,0.0,6,0.0,1
0.1423450047067236,0.982261457291492,0.0,7,0.0,1
0.1663491422122243,0.9562903781447452,0.0,6,0.0,1
0.2387012492736885,0.9780382665006068,0.0,8,0.0,1
0.1137987929333874,0.8058341605813811,0.0,5,0.0,1
0.2485562116346593,0.7376280600561264,0.0,6,0.0,1
0.1537539060931262,0.814518389370655,0.0,5,0.0,1
0.1131794506778486,0.7842215778856901,0.0,7,0.0,1
0.1947730300684972,0.9403643791214032,0.0,8,0.0,1
0.0794588260728406,0.9668612577303184,0.0,6,0.0,1
0.1278443729403429,0.7878959859517709,0.0,7,0.0,1
0.254434121990229,0.9419278336991608,0.0,5,0.0,1
0.0887486650941444,0.8150452258229735,0.0,5,0.0,1
0.1306984306262649,0.8649111863737953,0.0,7,0.0,1
0.0630389104260803,0.78991727019076,0.0,5,0.0,1
0.2713757435410078,0.9370071972932982,0.0,5,0.0,1
0.0988500092098859,0.7885826915615088,0.0,6,0.0,1
0.2271315952518071,0.7185253016055214,0.0,5,0.0,1
0.1183803795338568,0.8743720785206675,0.0,8,0.0,1
0.0693310082795713,0.8799299032435112,0.0,5,0.0,1
0.0867485288349737,0.7197191698619075,0.0,8,0.0,1
0.0808540157019646,0.8123703781050415,0.0,8,0.0,1
0.2400703882796789,0.8341135426308841,0.0,6,0.0,1
0.1810818862761686,0.7448535072848884,0.0,7,0.0,1
0.2502606296401474,0.995767841772942,0.0,7,0.0,1
0.0811052493616276,0.918674504036355,0.0,5,0.0,1
0.1699169461003884,0.8608913563383322,0.0,6,0.0,1
0.174249766509948,0.9734798301769252,0.0,6,0.0,1
0.0994010666117756,0.7914499327107771,0.0,5,0.0,1
0.2572440408762552,0.7176736052475101,0.0,5,0.0,1
0.2452350372639838,0.9803295083677592,0.0,6,0.0,1
0.2476199961981957,0.8375960634221581,0.0,8,0.0,1
0.241004002674066,0.8504380918331973,0.0,7,0.0,1
0.2176388892703335,0.984098221846055,0.0,6,0.0,1
0.1516196884192862,0.8909562826629531,0.0,8,0.0,1
0.1180134254052101,0.7675765949486606,0.0,8,0.0,1
0.2456442391894487,0.880801808603982,0.0,7,0.0,1
0.1200567799704516,0.99964569369391,0.0,8,0.0,1
0.1611268087248756,0.7083445585759045,0.0,5,0.0,1
0.2734184901588407,0.7533463900317007,0.0,5,0.0,1
0.2106666100467829,0.8625265906752559,0.0,6,0.0,1
0.2648680666987903,0.8919818908942939,0.0,8,0.0,1
0.0838422198346295,0.8734894558044874,0.0,8,0.0,1
0.2255613951312854,0.8750844631283914,0.0,5,0.0,1
0.2143272175535681,0.933104362337748,0.0,6,0.0,1
0.1144526223604731,0.7397760115430982,0.0,8,0.0,1
0.1442295125792541,0.7133548165721701,0.0,8,0.0,1
0.1445638844288256,0.9203515905152756,0.0,8,0.0,1
0.0655070494922509,0.9616603050222664,0.0,8,0.0,1
0.0778080478335748,0.8358869097139954,0.0,7,0.0,1
0.2442960734141298,0.8229609397468737,0.0,5,0.0,1
0.2248510108398514,0.7340993621595341,0.0,6,0.0,1
0.1399892791573343,0.9542533376179176,0.0,8,0.0,1
0.0729618601833919,0.9877783277274124,0.0,6,0.0,1
0.1309318009195058,0.7576934510058424,0.0,8,0.0,1
0.1493113148744707,0.8620979572984288,0.0,6,0.0,1
0.2541681940145167,0.711056084072466,0.0,8,0.0,1
0.0769045824796858,0.8912728502892729,0.0,7,0.0,1
0.2497394707050309,0.9761055524879708,0.0,6,0.0,1
0.1636735011688707,0.8212531662085104,0.0,7,0.0,1
0.1074699075312233,0.84343387008479,0.0,5,0.0,1
0.1635474361106913,0.9333395679706168,0.0,5,0.0,1
0.1888928959639511,0.8554661220644635,0.0,5,0.0,1
0.1941816521912421,0.857393088166277,0.0,8,0.0,1
0.2495269024798231,0.7218915642033603,0.0,8,0.0,1
0.2052830402864749,0.9724391893934962,0.0,5,0.0,1
0.0698760216284635,0.7865779580005401,0.0,7,0.0,1
0.2259534593964978,0.749392955584448,0.0,7,0.0,1
0.1273988966322134,0.9878601440915524,0.0,6,0.0,1
0.2516344200541436,0.8348160238320559,0.0,7,0.0,1
0.0923493367179224,0.882604269639089,0.0,6,0.0,1
0.1553145374849273,0.7618295785328024,0.0,6,0.0,1
0.1368368598082621,0.9151940557302513,0.0,8,0.0,1
0.2326137904163961,0.9829040518919904,0.0,7,0.0,1
0.1370058692170722,0.8882027357512947,0.0,7,0.0,1
0.149674918418167,0.7955784428695222,0.0,6,0.0,1
0.0894036422905433,0.8344376998080422,0.0,6,0.0,1
0.1258106563917566,0.7913112033011068,0.0,5,0.0,1
0.2412876996000447,0.943624969248362,0.0,6,0.0,1
0.2552128116452921,0.9890515213762674,0.0,7,0.0,1
0.1073287663077766,0.929067204616448,0.0,8,0.0,1
0.1359084491465845,0.9587549300141516,0.0,5,0.0,1
0.0650235216568553,0.9659397656638522,0.0,6,0.0,1
0.1045351682949855,0.7256300196894877,0.0,5,0.0,1
0.2310012337744281,0.9126124346390944,0.0,6,0.0,1
0.1685781649849469,0.771919748761096,0.0,6,0.0,1
0.1865379787793775,0.7624024646470123,0.0,6,0.0,1
0.1949462645612681,0.8898086198726797,0.0,8,0.0,1
0.1268146699193292,0.9743718351752064,0.0,8,0.0,1
0.1518350707407442,0.9221211541034772,0.0,6,0.0,1
0.1117253840492148,0.798492713332322,0.0,7,0.0,1
0.0773748753121884,0.7530581668901685,0.0,6,0.0,1
0.1780505095828405,0.7025367329996611,0.0,7,0.0,1
0.1636454877171201,0.8678039343392654,0.0,6,0.0,1
0.2716013684184906,0.980619910079987,0.0,7,0.0,1
0.2274697030684416,0.956748763115383,0.0,8,0.0,1
0.2491635841050813,0.8018282426798737,0.0,5,0.0,1
0.1333355909098233,0.7960176374833877,0.0,7,0.0,1
0.1394145235084936,0.8616383786808828,0.0,7,0.0,1
0.0700386922208382,0.8650016613887945,0.0,7,0.0,1
0.2224366922064831,0.8275476291448872,0.0,8,0.0,1
0.1221589189768423,0.8634314753045491,0.0,6,0.0,1
0.2474779170433368,0.7590762949159656,0.0,8,0.0,1
0.1499883269640556,0.7801320531071013,0.0,6,0.0,1
0.2708334791281167,0.9822562319876132,0.0,7,0.0,1
0.1937067786973228,0.7912890566914702,0.0,6,0.0,1
0.2536757487778849,0.8590525373384688,0.0,8,0.0,1
0.0834123145641414,0.9056942119925334,0.0,7,0.0,1
0.0864224511070113,0.73323571491212,0.0,7,0.0,1
0.2256260320505727,0.7729131566158011,0.0,6,0.0,1
0.0940546953270899,0.7207843330976834,0.0,7,0.0,1
0.1141193210069164,0.8397686232248445,0.0,7,0.0,1
0.2237882340058846,0.7787292045695265,0.0,7,0.0,1
0.0929384509810974,0.954822997498749,0.0,5,0.0,1
0.1101265827949652,0.8426585747396693,0.0,5,0.0,1
0.2728854222475679,0.7207609496843718,0.0,8,0.0,1
0.0906193442699425,0.8380798639693643,0.0,7,0.0,1
0.0974580306976293,0.9164508362226566,0.0,5,0.0,1
0.0840977325001832,0.9188482013833164,0.0,6,0.0,1
0.1296183509865523,0.9623208603292244,0.0,6,0.0,1
0.1558026068735579,0.9663954523527268,0.0,5,0.0,1
0.1737958724837595,0.8409624188160857,0.0,5,0.0,1
0.1149612208843655,0.7335100650745934,0.0,6,0.0,1
0.1164606576689575,0.8795234534854499,0.0,8,0.0,1
0.1609210571041114,0.7416419939715236,0.0,6,0.0,1
0.1052647245586557,0.8643287652377214,0.0,8,0.0,1
0.2645435569892269,0.9835068400317976,0.0,8,0.0,1
0.1268817060940407,0.9159745216790094,0.0,8,0.0,1
0.1020721673391911,0.8892105355453049,0.0,8,0.0,1
0.1242366756205624,0.7112933555676233,0.0,6,0.0,1
0.2593122087123917,0.9994647610429788,0.0,7,0.0,1
0.2566692637773874,0.8481530486482882,0.0,5,0.0,1
0.2727332136560477,0.7339662464741998,0.0,5,0.0,1
0.1400491897446937,0.934920954768144,0.0,8,0.0,1
0.2206236675360255,0.9073362707486896,0.0,5,0.0,1
0.1222172636711204,0.7374348422592627,0.0,7,0.0,1
0.1090519420073207,0.7197754173233114,0.0,5,0.0,1
0.151251906022734,0.7666540374888275,0.0,8,0.0,1
0.2670165971726086,0.7397863474244142,0.0,8,0.0,1
0.2475964317619562,0.8115900973990429,0.0,7,0.0,1
0.1827049166688327,0.9757561367577312,0.0,7,0.0,1
0.2525531029427436,0.8813640397185013,0.0,5,0.0,1
0.224146409461885,0.7656228162979618,0.0,5,0.0,1
0.1333112224815226,0.9311964734343756,0.0,6,0.0,1
0.2637307609815226,0.8957471733210394,0.0,7,0.0,1
0.2170004373871587,0.7956952435703493,0.0,7,0.0,1
0.1637269342634383,0.968714581198866,0.0,5,0.0,1
0.1550427986210869,0.9357290108976736,0.0,7,0.0,1
0.0989860962633569,0.9265769409912982,0.0,5,0.0,1
0.2058793370303142,0.9495088746972326,0.0,8,0.0,1
0.1380314703822691,0.8509736571130151,0.0,7,0.0,1
0.2629857980767905,0.788351918478685,0.0,5,0.0,1
0.105240735220959,0.9228434113786458,0.0,5,0.0,1
0.266263740839029,0.9666720359830934,0.0,8,0.0,1
0.0842215941160718,0.770764663489564,0.0,6,0.0,1
0.1209464185389438,0.8711324558172013,0.0,7,0.0,1
0.1930726770722944,0.8870449005032622,0.0,7,0.0,1
0.1582638412552039,0.953216578910107,0.0,6,0.0,1
0.2697495073215045,0.922959840174568,0.0,7,0.0,1
0.2324291888997904,0.9886366788754136,0.0,8,0.0,1
0.2513620185107117,0.9887561799019984,0.0,7,0.0,1
0.2351457805293356,0.9436544892917345,0.0,6,0.0,1
0.2093273119455825,0.7168520323052261,0.0,7,0.0,1
0.2646667009270743,0.819359492163713,0.0,7,0.0,1
0.0881526547276684,0.8447480200832456,0.0,7,0.0,1
0.213583313471001,0.9991292837188616,0.0,8,0.0,1
0.163133920386914,0.8486978715540774,0.0,8,0.0,1
0.1241336927002224,0.7508317424606404,0.0,8,0.0,1
0.0903358393613664,0.996163675243956,0.0,7,0.0,1
0.075650493932617,0.9074725949094832,0.0,5,0.0,1
0.1463617659499153,0.8827395651043124,0.0,5,0.0,1
0.2144773011321043,0.9191137370716792,0.0,6,0.0,1
0.0914737252412814,0.8388944689098766,0.0,8,0.0,1
0.1084542816633974,0.705660312546344,0.0,8,0.0,1
0.0898399625041351,0.9961704341372464,0.0,5,0.0,1
0.1290145589052888,0.8475478494547817,0.0,5,0.0,1
0.0948427183364385,0.7997579768812858,0.0,7,0.0,1
0.2376600681368679,0.8310976399945174,0.0,6,0.0,1
0.259427835327732,0.9333604089213076,0.0,6,0.0,1
0.0869015797422867,0.7430161024842945,0.0,5,0.0,1
0.0826297522159391,0.7597104102751311,0.0,8,0.0,1
0.194139020299584,0.9219048688307312,0.0,8,0.0,1
0.2170409092682182,0.8337944251632152,0.0,6,0.0,1
0.2280698106433815,0.9305825234803956,0.0,6,0.0,1
0.2713348652214812,0.7686663811369892,0.0,7,0.0,1
0.2080963218273382,0.9419803187028666,0.0,8,0.0,1
0.2314075559924777,0.7162507531608986,0.0,7,0.0,1
0.1590037546694735,0.735711738638499,0.0,5,0.0,1
0.2673481977644369,0.9453701670901408,0.0,6,0.0,1
0.2378710169531149,0.8060188082478064,0.0,5,0.0,1
0.138169772058659,0.7443086655431449,0.0,5,0.0,1
0.1851424925825035,0.8229720818464205,0.0,5,0.0,1
0.2416890843225637,0.8816034918546224,0.0,7,0.0,1
0.2279013684352288,0.9123782506874092,0.0,7,0.0,1
0.0967813235830229,0.9364169723639104,0.0,7,0.0,1
0.21741401799939,0.9082209270282612,0.0,6,0.0,1
0.2139032201679561,0.98535407791992,0.0,5,0.0,1
0.2386398314127967,0.9497757510867956,0.0,6,0.0,1
0.0774008663548472,0.9974699863687456,0.0,8,0.0,1
0.1292815001961574,0.9308865658139096,0.0,6,0.0,1
0.2625881759934035,0.811273983826541,0.0,7,0.0,1
0.2140478869047361,0.9771847304177655,0.0,5,0.0,1
0.1304503077656585,0.7542877777367839,0.0,5,0.0,1
0.2235293013504784,0.7941348750685374,0.0,6,0.0,1
0.1112902564958067,0.8767524861514241,0.0,6,0.0,1
0.1845743178120526,0.7249381274498127,0.0,7,0.0,1
0.0958813266318834,0.8484763234390598,0.0,6,0.0,1
0.227779237461998,0.723328230724531,0.0,6,0.0,1
0.2404957600872716,0.8566229139566709,0.0,7,0.0,1
0.2027571861650745,0.8246264180148466,0.0,8,0.0,1
0.1569094554417908,0.7823038213385407,0.0,8,0.0,1
0.1208751216230519,0.9165670765254772,0.0,6,0.0,1
0.1582180432749012,0.8532359732796659,0.0,7,0.0,1
0.1093044173742318,0.9185442451598232,0.0,6,0.0,1
0.0995134557961052,0.96531184351214,0.0,8,0.0,1
0.1628275275546776,0.8425382315300062,0.0,6,0.0,1
0.2425756096501434,0.9155772058086932,0.0,8,0.0,1
0.1109155259751103,0.8419342523125625,0.0,8,0.0,1
0.2350964890911684,0.8100692193746755,0.0,7,0.0,1
0.1353548009273475,0.8566682563773361,0.0,8,0.0,1
0.231987045364776,0.766042877373276,0.0,6,0.0,1
0.131768620103932,0.7493740152584094,0.0,7,0.0,1
0.1369236360567242,0.8900844135562176,0.0,8,0.0,1
0.0767228803152468,0.7606963779575505,0.0,6,0.0,1
0.1402766455660291,0.8641076680557613,0.0,7,0.0,1
0.111422918148326,0.9807207322451514,0.0,5,0.0,1
0.1579329651875389,0.9012796948505316,0.0,5,0.0,1
0.2192111378263104,0.7636880962263297,0.0,7,0.0,1
0.2222429416183816,0.977323799748384,0.0,5,0.0,1
0.1547401340631828,0.984429646756718,0.0,5,0.0,1
0.2129338276024523,0.7279673093073719,0.0,7,0.0,1
0.2754978915083111,0.897071528935732,0.0,6,0.0,1
0.220868028810572,0.801033126619265,0.0,5,0.0,1
0.2723754106388579,0.8925010033226928,0.0,7,0.0,1
0.1931407555493273,0.9550687763201132,0.0,7,0.0,1
0.2714615981687311,0.8893929243263007,0.0,5,0.0,1
0.1619234916299447,0.8007718220756579,0.0,5,0.0,1
0.0979959778764662,0.9717994292493166,0.0,8,0.0,1
0.2616700462864549,0.9812001104369326,0.0,8,0.0,1
0.1186186154240484,0.887335626110812,0.0,7,0.0,1
0.1646635829070593,0.8873462856019125,0.0,7,0.0,1
0.2439263689299862,0.8255535816287443,0.0,6,0.0,1
0.2664261460533549,0.7740939961715323,0.0,6,0.0,1
0.0939037551730685,0.8011827144687177,0.0,7,0.0,1
0.2756142386442002,0.7455653056716157,0.0,5,0.0,1
0.2426699553693063,0.9442036092767848,0.0,5,0.0,1
0.1738089044009855,0.7287752210198567,0.0,7,0.0,1
0.1390163931362832,0.9631941617951378,0.0,7,0.0,1
0.122716048327829,0.7848497363577585,0.0,7,0.0,1
0.1991428827731453,0.9536057810762082,0.0,8,0.0,1
0.2457907159872733,0.7608053511077735,0.0,7,0.0,1
0.1928372029953564,0.9151632523825042,0.0,5,0.0,1
0.1881800456146687,0.8295178962629843,0.0,6,0.0,1
0.1528601555364398,0.7144845347032924,0.0,8,0.0,1
0.1574366212489767,0.7700502081764401,0.0,8,0.0,1
0.0743148203482148,0.8888762087297054,0.0,8,0.0,1
0.2331260274608215,0.7143959092194488,0.0,7,0.0,1
0.0662194617176578,0.9614259828768196,0.0,5,0.0,1
0.1255409089128622,0.7632777593472815,0.0,7,0.0,1
0.2519371179745547,0.8996285932053507,0.0,6,0.0,1
0.2585269193471176,0.7621841006889108,0.0,6,0.0,1
0.1768356728850666,0.8040793243584874,0.0,5,0.0,1
0.1937099544403344,0.9470093693158244,0.0,8,0.0,1
0.2408908302447142,0.7938404057367567,0.0,6,0.0,1
0.1768534779658654,0.862847021803594,0.0,7,0.0,1
0.1961332379114857,0.956504165278772,0.0,6,0.0,1
0.1073348804488298,0.9754982319895724,0.0,6,0.0,1
0.2503897410060249,0.8968191503859867,0.0,7,0.0,1
0.1464730872969014,0.7648903759675458,0.0,5,0.0,1
0.2217649341550626,0.9471279061711778,0.0,5,0.0,1
0.1722844832946823,0.7813978984652556,0.0,8,0.0,1
0.1514342793502676,0.8535856533233547,0.0,5,0.0,1
0.1245814011543955,0.8490297624744192,0.0,8,0.0,1
0.1041756408701822,0.709341567522758,0.0,6,0.0,1
0.1780522231459364,0.8292820815702153,0.0,6,0.0,1
0.1110710371017805,0.9614133755280624,0.0,6,0.0,1
0.2597291446674337,0.960432613169978,0.0,5,0.0,1
0.0686657487491971,0.7665694014991641,0.0,6,0.0,1
0.2708966397229817,0.8581381500851067,0.0,5,0.0,1
0.2270182595249411,0.8453376631366818,0.0,6,0.0,1
0.2205392411882923,0.9277946003977084,0.0,8,0.0,1
0.2537127623582159,0.9031521887582898,0.0,5,0.0,1
0.1019798117124646,0.784341335841199,0.0,6,0.0,1
0.1330314756042065,0.7627219390483178,0.0,5,0.0,1
0.2455168572675411,0.8120400297583189,0.0,7,0.0,1
0.252809836401142,0.8782837744080919,0.0,5,0.0,1
0.2675456280134114,0.8948858161344628,0.0,8,0.0,1
0.2506648376817474,0.8918339919666025,0.0,8,0.0,1
0.2089976773274911,0.8024380076482225,0.0,7,0.0,1
0.1964541547765908,0.8265809015058551,0.0,7,0.0,1
0.0751018142095614,0.8105287927708393,0.0,6,0.0,1
0.2256834093928521,0.7241129416712655,0.0,8,0.0,1
0.2601259538898517,0.8791551276160308,0.0,7,0.0,1
0.1295957742441708,0.9397136525229948,0.0,8,0.0,1
0.1758342641033058,0.92643362837453,0.0,7,0.0,1
0.15372244148828,0.908278310890495,0.0,8,0.0,1
0.1513003456281627,0.7011486184117093,0.0,7,0.0,1
0.0878361335558161,0.7330182953844531,0.0,5,0.0,1
