rpm/max,gas,brake,in_first_gear,in_overdrive,shift_status,jump_gears
0.09213373303156844,0.16862745098039217,0.0,1,0,1,0
0.18686191606856511,0.24705882352941178,0.0,1,0,1,0
0.14377961829892075,0.27450980392156865,0.0,1,0,1,0
0.09714320257604854,0.2549019607843137,0.0,1,0,1,0
0.1582610867172367,0.27058823529411763,0.0,1,0,2,0
0.16474652995477163,0.27058823529411763,0.0,0,0,1,0
0.08437901760878158,0.27450980392156865,0.0,0,0,1,0
0.11183296980602238,0.2823529411764706,0.0,0,0,1,0
0.1340896458868257,0.2784313725490196,0.0,0,0,1,0
0.15529527005863014,0.27450980392156865,0.0,0,0,2,0
0.15987077941675293,0.27450980392156865,0.0,0,0,1,0
0.08817243245742211,0.24313725490196078,0.0,0,0,1,0
0.0960605422314153,0.23921568627450981,0.0,0,0,1,0
0.1036409047960152,0.25882352941176473,0.0,0,0,1,0
0.11096336122598136,0.27058823529411763,0.0,0,0,1,0
0.1181592800237284,0.27058823529411763,0.0,0,0,1,0
0.12588384146642365,0.27058823529411763,0.0,0,0,1,0
0.1322812381987815,0.27058823529411763,0.0,0,0,2,0
0.1249265240226708,0.27450980392156865,0.0,0,0,1,0
0.07836094807645658,0.27450980392156865,0.0,0,0,1,0
0.08232441734770682,0.27450980392156865,0.0,0,0,1,0
0.08622594239628822,0.2784313725490196,0.0,0,0,1,0
0.0901686077587931,0.2784313725490196,0.0,0,0,1,0
0.09403700498514637,0.2784313725490196,0.0,0,0,1,0
0.09787484565889173,0.27450980392156865,0.0,0,0,1,0
0.1015427228134988,0.27450980392156865,0.0,0,0,1,0
0.10527446614988475,0.27450980392156865,0.0,0,0,1,0
0.10893795396544317,0.27058823529411763,0.0,0,0,1,0
0.11271946045932744,0.27058823529411763,0.0,0,0,1,0
0.11628851255428885,0.27450980392156865,0.0,0,0,1,0
0.12010575709865208,0.2784313725490196,0.0,0,0,2,0
0.11634284685777867,0.2784313725490196,0.0,0,1,1,0
0.07964324543054221,0.27450980392156865,0.0,0,1,1,0
0.08155014053676682,0.2627450980392157,0.0,0,1,1,0
0.08311245954146211,0.25882352941176473,0.0,0,1,1,0
0.08204775912553977,0.5372549019607843,0.0,0,1,0,0
0.10475535538322565,0.5607843137254902,0.0,0,0,0,0
0.1557862786664097,0.6627450980392157,0.0,0,0,1,0
0.1557862786664097,0.6627450980392157,0.0,0,0,1,0
0.2193812564314206,0.6352941176470588,0.0,0,0,0,0
0.24417042530877311,0.6392156862745098,0.0,0,0,1,0
0.39994302949583893,0.6235294117647059,0.0,0,0,1,0
0.44254237010802966,0.615686274509804,0.0,0,0,1,0
0.48489185603591256,0.6196078431372549,0.0,0,0,1,0
0.5266485993852847,0.6196078431372549,0.0,0,0,1,0
0.5659342227675276,0.5882352941176471,0.0,0,0,2,0
0.5359632443500896,0.5607843137254902,0.0,0,0,1,0
0.3890953883889775,0.49411764705882355,0.0,0,0,1,0
0.4034733047671339,0.5058823529411764,0.0,0,0,1,0
0.4181601890584426,0.5098039215686274,0.0,0,0,1,0
0.4332705796368952,0.5058823529411764,0.0,0,0,1,0
0.447531775957746,0.5058823529411764,0.0,0,0,1,0
0.4609486088911906,0.4980392156862745,0.0,0,0,1,0
0.47358668477117516,0.4980392156862745,0.0,0,0,1,0
0.4864416823063925,0.4980392156862745,0.0,0,0,1,0
0.49909523774893916,0.5058823529411764,0.0,0,0,1,0
0.511889148151361,0.4980392156862745,0.0,0,0,1,0
0.5240013344629605,0.4980392156862745,0.0,0,0,1,0
0.5357936444448369,0.5058823529411764,0.0,0,0,1,0
0.5524151104425233,0.7450980392156863,0.0,0,0,1,0
0.5969031654666542,1.0,0.0,0,0,1,0
0.6372114788748124,1.0,0.0,0,0,1,0
0.6750536590205592,1.0,0.0,0,0,1,0
0.7117088476089011,1.0,0.0,0,0,1,0
0.7470648957285237,1.0,0.0,0,0,1,0
0.7829943110010342,1.0,0.0,0,0,1,0
0.8132423112545251,1.0,0.0,0,0,1,0
0.8444532649669968,1.0,0.0,0,0,1,0
0.8716074305016989,1.0,0.0,0,0,2,0
0.8206642939994878,1.0,0.0,0,0,1,0
0.6710861120793052,1.0,0.0,0,0,1,0
0.690338740098664,1.0,0.0,0,0,1,0
0.7108011634605446,1.0,0.0,0,0,1,0
0.7322317347654872,1.0,0.0,0,0,1,0
0.7556683119329247,1.0,0.0,0,0,1,0
0.7747189784112047,1.0,0.0,0,0,1,0
0.7947183654620831,1.0,0.0,0,0,1,0
0.8131644978829881,1.0,0.0,0,0,1,0
0.8308740524611725,1.0,0.0,0,0,1,0
0.8489430653377791,1.0,0.0,0,0,1,0
0.8659029519733585,1.0,0.0,0,0,1,0
0.8512898293560035,1.0,0.0,0,0,2,0
0.8193950737590767,1.0,0.0,0,1,1,0
0.7165836631397852,1.0,0.0,0,1,1,0
0.7281120933303343,1.0,0.0,0,1,1,0
0.740133116446308,1.0,0.0,0,1,1,0
0.7518649106886379,1.0,0.0,0,1,1,0
0.7627479781769335,1.0,0.0,0,1,1,0
0.770808674684526,1.0,0.0,0,1,1,0
0.7809702283339368,1.0,0.0,0,1,1,0
0.7890975181274508,1.0,0.0,0,1,1,0
0.799634217417209,1.0,0.0,0,1,1,0
0.8087101238936398,1.0,0.0,0,1,1,0
0.817572952633058,1.0,0.0,0,1,1,0
0.8261138272491207,1.0,0.0,0,1,1,0
0.831694780946009,1.0,0.0,0,1,1,0
0.8409302619734157,1.0,0.0,0,1,1,0
0.848766141209972,1.0,0.0,0,1,1,0
0.8549511095158273,1.0,0.0,0,1,1,0
0.8631935090765818,1.0,0.0,0,1,1,0
0.8691609323891146,1.0,0.0,0,1,1,0
0.8752492832910589,1.0,0.0,0,1,1,0
0.8816562638465466,1.0,0.0,0,1,1,0
0.8826477869679744,1.0,0.0,0,1,2,0
0.8232189412706435,1.0,0.0,0,1,1,0
0.7457505354214466,1.0,0.0,0,1,1,0
0.7500939032859787,1.0,0.0,0,1,1,0
0.7562754432323404,1.0,0.0,0,1,1,0
0.7596919593022561,1.0,0.0,0,1,1,0
0.7639773047796007,1.0,0.0,0,1,1,0
0.7686062134340786,1.0,0.0,0,1,1,0
0.7295630685687482,0.0,0.37254901960784315,0,1,1,0
0.6597505530826926,0.0,0.5568627450980392,0,1,0,0
0.6600873634305204,0.0,0.5686274509803921,0,1,1,0
0.6897483350379898,0.0,0.5803921568627451,0,1,1,0
0.5878335962608026,0.0,0.5568627450980392,0,1,0,0
0.5751323554543901,0.0,0.5647058823529412,0,0,1,0
0.6198143725141148,0.0,0.5568627450980392,0,0,1,0
0.5120140235486741,0.0,0.5450980392156862,0,0,0,0
0.47050178456500613,0.0,0.5372549019607843,0,0,1,0
0.5642591574858489,0.0,0.5254901960784314,0,0,1,0
0.4441557249188232,0.0,0.45098039215686275,0,0,1,0
0.3487721668115062,0.0,0.34901960784313724,0,0,0,0
0.37926550254815417,0.0,0.34901960784313724,0,0,1,0
0.43460686066679516,0.14901960784313725,0.0,0,0,1,0
0.44605654247867277,0.3176470588235294,0.0,0,0,2,0
0.429241322224756,0.3568627450980392,0.0,0,0,1,0
0.3290091807311652,0.36470588235294116,0.0,0,0,1,0
0.3105855923711729,0.43137254901960786,0.0,0,0,1,0
0.32584433741498575,0.49019607843137253,0.0,0,0,1,0
0.3422671663414054,0.5098039215686274,0.0,0,0,2,0
0.33364977697482595,0.5529411764705883,0.0,0,0,1,0
0.2975987068851328,0.5529411764705883,0.0,0,0,1,0
0.26045411997907664,0.5450980392156862,0.0,0,0,1,0
0.27099970183661376,0.5450980392156862,0.0,0,0,1,0
0.28123535480144346,0.5411764705882353,0.0,0,0,1,0
0.2914210887742524,0.5411764705882353,0.0,0,0,1,0
0.30181854991821283,0.5450980392156862,0.0,0,0,1,0
0.3118813564252392,0.5450980392156862,0.0,0,0,1,0
0.3224538976551579,0.5450980392156862,0.0,0,0,1,0
0.33277627253172404,0.5450980392156862,0.0,0,0,1,0
0.34289388084580746,0.5450980392156862,0.0,0,0,1,0
0.3533309499308874,0.5450980392156862,0.0,0,0,1,0
0.3635180604419779,0.5450980392156862,0.0,0,0,1,0
0.37377602371593655,0.5450980392156862,0.0,0,0,1,0
0.38423672770358613,0.5450980392156862,0.0,0,0,1,0
0.39436098495729355,0.5450980392156862,0.0,0,0,1,0
0.4045742237233127,0.5529411764705883,0.0,0,0,1,0
0.41490516949861284,0.5529411764705883,0.0,0,0,1,0
0.42505425638622857,0.5450980392156862,0.0,0,0,1,0
0.4129297072025158,0.5450980392156862,0.0,0,0,2,0
0.4078375025128317,0.5450980392156862,0.0,0,1,1,0
0.34215673160983817,0.5529411764705883,0.0,0,1,1,0
0.3484184743904143,0.5529411764705883,0.0,0,1,1,0
0.3547644197579474,0.5568627450980392,0.0,0,1,1,0
0.3608955212638803,0.5450980392156862,0.0,0,1,1,0
0.33319032485783995,0.0,0.19215686274509805,0,1,1,0
0.29745918304271063,0.0,0.20392156862745098,0,1,1,0
0.26386879200714347,0.0,0.20784313725490197,0,1,1,0
0.2297029040802153,0.0,0.20784313725490197,0,1,1,0
0.1956199460916442,0.0,0.21176470588235294,0,1,0,0
0.1988046583094344,0.0,0.21176470588235294,0,0,1,0
0.22156262807649812,0.0,0.21176470588235294,0,0,1,0
0.18092838676466233,0.0,0.21176470588235294,0,0,1,0
0.14014789475351913,0.0,0.21176470588235294,0,0,0,0
0.1505146045517186,0.0,0.21176470588235294,0,0,1,0
0.164532621100306,0.0,0.21176470588235294,0,0,1,0
0.11242456959803523,0.0,0.21176470588235294,0,0,1,0
0.0546506865289886,0.0,0.21176470588235294,0,0,1,0
-0.01274188764434822,0.0,0.20392156862745098,0,0,0,0
0.010927688106553413,0.0,0.20784313725490197,0,0,1,0
-0.007756624395686708,0.0,0.20784313725490197,0,0,0,0
0.0005133708617493256,0.0,0.20784313725490197,1,0,1,0
0.00028303445137677205,0.0,0.20784313725490197,1,0,1,0
0.030706504377132012,0.14901960784313725,0.0,1,0,1,0
0.19574689928258981,0.24313725490196078,0.0,1,0,1,0
0.14482747560020964,0.23137254901960785,0.0,1,0,1,0
0.10946462270644049,0.24313725490196078,0.0,1,0,1,0
0.12352388345863295,0.27058823529411763,0.0,1,0,2,0
0.12429731616590975,0.2901960784313726,0.0,0,0,1,0
0.05901510504025985,0.2901960784313726,0.0,0,0,1,0
0.08867064841186441,0.30980392156862746,0.0,0,0,1,0
0.11758295201491441,0.3411764705882353,0.0,0,0,1,0
0.14340156374748783,0.3411764705882353,0.0,0,0,1,0
0.16676708037269383,0.3411764705882353,0.0,0,0,1,0
0.18840685952400865,0.3411764705882353,0.0,0,0,1,0
0.20910243730387576,0.34901960784313724,0.0,0,0,2,0
0.19650856648342258,0.34901960784313724,0.0,0,0,1,0
0.12371394963116565,0.3411764705882353,0.0,0,0,1,0
0.1326446702775257,0.35294117647058826,0.0,0,0,1,0
0.1417392509242286,0.34901960784313724,0.0,0,0,1,0
0.15076238144239396,0.34901960784313724,0.0,0,0,1,0
0.16008920747236924,0.35294117647058826,0.0,0,0,1,0
0.169623475224129,0.34901960784313724,0.0,0,0,1,0
0.1786103482434073,0.35294117647058826,0.0,0,0,1,0
0.187801078790454,0.34901960784313724,0.0,0,0,1,0
0.19704011803945626,0.34901960784313724,0.0,0,0,1,0
0.20580069335973517,0.34901960784313724,0.0,0,0,1,0
0.21450651881779775,0.34901960784313724,0.0,0,0,1,0
0.2232844177424876,0.34901960784313724,0.0,0,0,1,0
0.23194297339541087,0.34901960784313724,0.0,0,0,1,0
0.24110251106554972,0.34901960784313724,0.0,0,0,1,0
0.24971525136887643,0.34901960784313724,0.0,0,0,1,0
0.2582666448152036,0.34901960784313724,0.0,0,0,2,0
0.24699464033132498,0.34901960784313724,0.0,0,0,1,0
0.17827146010194694,0.34901960784313724,0.0,0,0,1,0
0.18324112691215452,0.34901960784313724,0.0,0,0,1,0
0.1882048979829299,0.35294117647058826,0.0,0,0,1,0
0.1931437095576949,0.3411764705882353,0.0,0,0,1,0
0.19765397619575725,0.3411764705882353,0.0,0,0,1,0
0.20249178102756246,0.34901960784313724,0.0,0,0,0,0
0.22379919111493887,0.41568627450980394,0.0,0,0,1,0
0.22379919111493887,0.41568627450980394,0.0,0,0,1,0
0.3147526594459875,0.4823529411764706,0.0,0,0,0,0
0.33488751864170474,0.5450980392156862,0.0,0,0,1,0
0.5040813710736842,0.5686274509803921,0.0,0,0,1,0
0.5409064192914828,0.5568627450980392,0.0,0,0,1,0
0.5763730060323544,0.5568627450980392,0.0,0,0,1,0
0.6103686187710994,0.5568627450980392,0.0,0,0,2,0
0.5824226060830525,0.5568627450980392,0.0,0,0,1,0
0.42497935192577707,0.5372549019607843,0.0,0,0,1,0
0.4425846012636102,0.5372549019607843,0.0,0,0,1,0
0.45944277990087884,0.5372549019607843,0.0,0,0,1,0
0.47610013978356663,0.5411764705882353,0.0,0,0,1,0
0.49228532106326933,0.5411764705882353,0.0,0,0,1,0
0.5097186849228541,0.5529411764705883,0.0,0,0,1,0
0.5263423326038547,0.5450980392156862,0.0,0,0,1,0
0.5434641832530872,0.5450980392156862,0.0,0,0,1,0
0.5597534100489372,0.5450980392156862,0.0,0,0,1,0
0.5774944432006541,0.5529411764705883,0.0,0,0,1,0
0.5782095678241189,0.5529411764705883,0.0,0,0,2,0
0.5575176521555291,0.5529411764705883,0.0,0,0,1,0
0.4423643551385655,0.5215686274509804,0.0,0,0,1,0
0.401142747539243,0.0,0.42745098039215684,0,0,0,0
0.39708933577612604,0.0,0.8117647058823529,0,0,1,0
0.34339223964856197,0.0,1.0,0,0,0,0
0.2895384259362668,0.0,1.0,0,0,1,0
0.28986074367350795,0.0,1.0,0,0,0,0
0.17172142345486174,0.0,1.0,1,0,1,0
0.1807599296459076,0.0,1.0,1,0,1,0
-0.0011684342630247794,0.043137254901960784,0.0,1,0,1,0
0.2866655645702941,0.5882352941176471,0.0,1,0,1,0
0.3226487946978862,0.6862745098039216,0.0,1,0,1,0
0.25038144395229595,0.6980392156862745,0.0,1,0,1,0
0.3669302650901061,0.7490196078431373,0.0,1,0,2,0
0.35944106572113205,0.7490196078431373,0.0,0,0,1,0
0.23640968428445203,0.7490196078431373,0.0,0,0,1,0
0.29163341331107323,0.8392156862745098,0.0,0,0,1,0
0.3551041909617016,0.8588235294117647,0.0,0,0,1,0
0.4211632761403321,0.8666666666666667,0.0,0,0,1,0
0.48819559985642447,0.8666666666666667,0.0,0,0,1,0
0.5553847969917703,0.8588235294117647,0.0,0,0,1,0
0.6199881280066323,0.8666666666666667,0.0,0,0,1,0
0.6813484387198921,0.8666666666666667,0.0,0,0,2,0
0.6414391655788552,0.8666666666666667,0.0,0,0,1,0
0.4853265824086719,0.8666666666666667,0.0,0,0,1,0
0.5198844461043707,0.8705882352941177,0.0,0,0,1,0
0.5523843071519215,0.8705882352941177,0.0,0,0,1,0
0.5860284610977295,0.8666666666666667,0.0,0,0,1,0
0.6180746878504654,0.8705882352941177,0.0,0,0,1,0
0.6498180761812646,0.8705882352941177,0.0,0,0,2,0
0.6241116653048461,0.8705882352941177,0.0,0,0,1,0
0.49359329215492653,0.8666666666666667,0.0,0,0,1,0
0.5111398957674824,0.8705882352941177,0.0,0,0,1,0
0.5292660999138236,0.8705882352941177,0.0,0,0,1,0
0.5468012237165598,0.8705882352941177,0.0,0,0,1,0
0.5642397301153851,0.8705882352941177,0.0,0,0,1,0
0.5805155031974647,0.8705882352941177,0.0,0,0,1,0
0.5984048908145418,0.8705882352941177,0.0,0,0,1,0
0.6146162003491732,0.8666666666666667,0.0,0,0,1,0
0.6312080058427557,0.8666666666666667,0.0,0,0,1,0
0.6475249192387588,0.8666666666666667,0.0,0,0,1,0
0.6656388124578273,0.8705882352941177,0.0,0,0,1,0
0.6700762524290707,0.8666666666666667,0.0,0,0,2,0
0.6379176689856575,0.8666666666666667,0.0,0,1,1,0
0.5482389530205665,0.8666666666666667,0.0,0,1,1,0
0.5579021998120636,0.8431372549019608,0.0,0,1,1,0
0.5141789286792141,0.0,0.32941176470588235,0,1,1,0
0.4257402399539976,0.0,0.5450980392156862,0,1,0,0
0.4459741060163034,0.0,0.5450980392156862,0,0,1,0
0.44315324143598395,0.0,0.5490196078431373,0,0,0,0
0.38347828108288373,0.0,0.5490196078431373,0,0,1,0
0.4948275535174709,0.0,0.49019607843137253,0,0,1,0
0.3706797475896295,0.0,0.5019607843137255,0,0,0,0
0.3517510995424179,0.0,0.5058823529411764,0,0,1,0
0.39666411530923545,0.0,0.5098039215686274,0,0,0,0
0.2896879751329658,0.0,0.5058823529411764,1,0,1,0
0.4179797326814602,0.0,0.5019607843137255,1,0,1,0
0.20353600218999449,0.0,0.4117647058823529,1,0,1,0
0.0452411123675991,0.0,0.28627450980392155,1,0,1,0
-0.006869237693877625,0.0,0.24705882352941178,1,0,1,0
0.5576099061928119,1.0,0.0,1,0,1,0
0.7007703030306178,1.0,0.0,1,0,1,0
0.8087262267942916,1.0,0.0,1,0,1,0
0.7157061069990998,1.0,0.0,1,0,1,0
0.6537609493231328,1.0,0.0,1,0,1,0
0.823389112569145,1.0,0.0,1,0,2,0
0.8283942057607867,1.0,0.0,0,0,1,0
0.5443506739063922,1.0,0.0,0,0,1,0
0.629893801370201,1.0,0.0,0,0,1,0
0.7098905184562616,1.0,0.0,0,0,1,0
0.7863999186543793,1.0,0.0,0,0,1,0
0.8578936808581703,1.0,0.0,0,0,2,0
0.8306842460128439,1.0,0.0,0,0,1,0
0.6221580198418903,1.0,0.0,0,0,1,0
0.6661419501859366,1.0,0.0,0,0,1,0
0.707620269188554,1.0,0.0,0,0,1,0
0.7491279370262306,1.0,0.0,0,0,1,0
0.7883444218253521,1.0,0.0,0,0,1,0
0.8255035792592562,1.0,0.0,0,0,1,0
0.8608766652866654,1.0,0.0,0,0,2,0
0.8225807469564219,1.0,0.0,0,0,1,0
0.8225807469564219,1.0,0.0,0,0,1,0
0.6251150318499792,0.0,0.3843137254901961,0,0,0,0
0.5349652800684009,0.0,0.7568627450980392,0,0,1,0
0.5349652800684009,0.0,0.7568627450980392,0,0,1,0
0.5015230357188308,0.0,0.7215686274509804,0,0,0,0
0.43978705991681555,0.0,0.7058823529411765,0,0,1,0
0.5396889880573617,0.0,0.6549019607843137,0,0,1,0
0.3601454897073895,0.0,0.5803921568627451,0,0,0,0
0.33694469017239975,0.0,0.5803921568627451,1,0,1,0
0.3823627656264366,0.0,0.5764705882352941,1,0,1,0
0.13634225988107748,0.0,0.5607843137254902,1,0,1,0
-0.009015092054049646,0.0,0.44313725490196076,1,0,1,0
0.4981787749224853,1.0,0.0,1,0,1,0
0.20841714341233628,0.9948826548956394,0.0,0.0,1,0.0,1
0.263701021136572,0.9303805866241748,0.0,0.0,1,0.0,1
0.21908541762795727,0.7821673501564743,0.0,0.0,1,0.0,1
0.20431234603458298,0.9089378186105097,0.0,0.0,1,0.0,1
0.306550882923023,0.7585027723541065,0.0,0.0,1,0.0,1
0.19020363061272028,0.9730196397271105,0.0,0.0,1,0.0,1
0.1782583596580271,0.9897705992167036,0.0,0.0,1,0.0,1
0.2984493426668746,0.7641520468853852,0.0,0.0,1,0.0,1
0.3406245709251885,0.9320358465029187,0.0,0.0,1,0.0,1
0.15406444412192632,0.926386209973436,0.0,0.0,1,0.0,1
0.28163725080207713,0.8555874936517963,0.0,0.0,1,0.0,1
0.19321385304676636,0.9514571820347277,0.0,0.0,1,0.0,1
0.2170573531720782,0.9908709788657207,0.0,0.0,1,0.0,1
0.35215182728418665,0.9335308246416661,0.0,0.0,1,0.0,1
0.2033382248614447,0.9489069751067265,0.0,0.0,1,0.0,1
0.16780164284783633,0.8983049412767474,0.0,0.0,1,0.0,1
0.19709339369161846,0.9632483643363442,0.0,0.0,1,0.0,1
0.32379855189373535,0.9194714933563267,0.0,0.0,1,0.0,1
0.2913150466304417,0.831178844799038,0.0,0.0,1,0.0,1
0.2918965692983835,0.8503443080981357,0.0,0.0,1,0.0,1
0.2804108419728162,0.8886224100698633,0.0,0.0,1,0.0,1
0.20822493419054433,0.8448427444631528,0.0,0.0,1,0.0,1
0.2560032933145016,0.7807352426137271,0.0,0.0,1,0.0,1
0.31538360702264867,0.97776856196624,0.0,0.0,1,0.0,1
0.3253523044165114,0.9237015768269916,0.0,0.0,1,0.0,1
0.21858828897959426,0.8419238756858267,0.0,0.0,1,0.0,1
0.29507146093401315,0.9229795308550125,0.0,0.0,1,0.0,1
0.2470654435676166,0.8015634480687102,0.0,0.0,1,0.0,1
0.2255697737151708,0.8358737092285082,0.0,0.0,1,0.0,1
0.23124590794388905,0.759051370820714,0.0,0.0,1,0.0,1
0.1736039569366074,0.7567322826483789,0.0,0.0,1,0.0,1
0.22358320825249822,0.8037841109101496,0.0,0.0,1,0.0,1
0.27806678786037453,0.9372525119714549,0.0,0.0,1,0.0,1
0.17364492155500394,0.9425980795214672,0.0,0.0,1,0.0,1
0.35883284064161414,0.954883967160984,0.0,0.0,1,0.0,1
0.3160117565038499,0.9299357364975905,0.0,0.0,1,0.0,1
0.32977133122121904,0.7784535652222915,0.0,0.0,1,0.0,1
0.2266695675932962,0.8822084081107064,0.0,0.0,1,0.0,1
0.31741087956507213,0.9453428695765436,0.0,0.0,1,0.0,1
0.3520223285620433,0.7605041089093969,0.0,0.0,1,0.0,1
0.19057411762910176,0.7850748480983477,0.0,0.0,1,0.0,1
0.242988060082852,0.7975955595755443,0.0,0.0,1,0.0,1
0.20949160440977663,0.9541068309844466,0.0,0.0,1,0.0,1
0.2731124611426899,0.9519802177089186,0.0,0.0,1,0.0,1
0.33693279091565675,0.8958909502285012,0.0,0.0,1,0.0,1
0.27556195371922065,0.9544220569326899,0.0,0.0,1,0.0,1
0.278804297539334,0.9911983555942864,0.0,0.0,1,0.0,1
0.27850352735253336,0.7879383529787325,0.0,0.0,1,0.0,1
0.3352921073905541,0.8381969298514594,0.0,0.0,1,0.0,1
0.2988864149364858,0.8268957925288316,0.0,0.0,1,0.0,1
0.17502771009616006,0.7752926177126261,0.0,0.0,1,0.0,1
0.28132472019262433,0.7980431688709076,0.0,0.0,1,0.0,1
0.33316168817833564,0.7568728459945657,0.0,0.0,1,0.0,1
0.2517060428738811,0.776483100513007,0.0,0.0,1,0.0,1
0.18019025311552,0.8358281051045562,0.0,0.0,1,0.0,1
0.2563156352391478,0.8963502295170143,0.0,0.0,1,0.0,1
0.23204074472116737,0.9823124021029627,0.0,0.0,1,0.0,1
0.3284462213576975,0.8552002029021956,0.0,0.0,1,0.0,1
0.3524464937062006,0.9639330195543048,0.0,0.0,1,0.0,1
0.23672806935670745,0.9426291015221,0.0,0.0,1,0.0,1
0.3554773700694199,0.9489395083210234,0.0,0.0,1,0.0,1
0.24566947527874913,0.765590252347679,0.0,0.0,1,0.0,1
0.27865746148729975,0.9173012441388253,0.0,0.0,1,0.0,1
0.3529743441657581,0.9090556314578001,0.0,0.0,1,0.0,1
0.33102446682505293,0.9744971014063801,0.0,0.0,1,0.0,1
0.17903037096607108,0.8238222407677348,0.0,0.0,1,0.0,1
0.24032615458872156,0.7688856105739018,0.0,0.0,1,0.0,1
0.1542604269738281,0.7716037841735521,0.0,0.0,1,0.0,1
0.21540877885424045,0.9111038806844809,0.0,0.0,1,0.0,1
0.34028762719634625,0.8079953609422266,0.0,0.0,1,0.0,1
0.2754128751890733,0.882390966132631,0.0,0.0,1,0.0,1
0.16679627323479504,0.9599799428484137,0.0,0.0,1,0.0,1
0.3541424057449962,0.9429659314676601,0.0,0.0,1,0.0,1
0.27099753874915267,0.9561778785104689,0.0,0.0,1,0.0,1
0.29111617677796164,0.927631587597625,0.0,0.0,1,0.0,1
0.27302417787376676,0.9575791619991951,0.0,0.0,1,0.0,1
0.34732135080267207,0.8304581366394937,0.0,0.0,1,0.0,1
0.34683310421976177,0.9685173694956413,0.0,0.0,1,0.0,1
0.32874201370121403,0.9987939920485135,0.0,0.0,1,0.0,1
0.3623730305866001,0.878808820541696,0.0,0.0,1,0.0,1
0.35155444786839984,0.8405986767261835,0.0,0.0,1,0.0,1
0.16337576658842806,0.8200843867920259,0.0,0.0,1,0.0,1
0.3591652021315556,0.9651991198399789,0.0,0.0,1,0.0,1
0.19600785743774507,0.8894814462907711,0.0,0.0,1,0.0,1
0.2664219029505126,0.8284399716842127,0.0,0.0,1,0.0,1
0.18957352966766125,0.9491369353759028,0.0,0.0,1,0.0,1
0.2674362531793461,0.9401093201758598,0.0,0.0,1,0.0,1
0.2893911739788568,0.7528290587256168,0.0,0.0,1,0.0,1
0.23173088716590806,0.8796758734106142,0.0,0.0,1,0.0,1
0.23407517459907082,0.8199244014802327,0.0,0.0,1,0.0,1
0.2561475342699643,0.8500750869670046,0.0,0.0,1,0.0,1
0.25593792695762946,0.9910482358951398,0.0,0.0,1,0.0,1
0.25965576138250235,0.8479181146545769,0.0,0.0,1,0.0,1
0.16789900021386645,0.7996945643349552,0.0,0.0,1,0.0,1
0.20225438248351899,0.8167818118812235,0.0,0.0,1,0.0,1
0.29481952287955915,0.8593610619522473,0.0,0.0,1,0.0,1
0.3362170945889452,0.9877455604353855,0.0,0.0,1,0.0,1
0.28373262115252,0.8056895809217043,0.0,0.0,1,0.0,1
0.3099080097312626,0.8146303504299133,0.0,0.0,1,0.0,1
0.21188556418267152,0.896708366620893,0.0,0.0,1,0.0,1
0.3423377088347011,0.9960152356605598,0.0,0.0,1,0.0,1
0.25641826934056133,0.8510852666338506,0.0,0.0,1,0.0,1
0.2904814417649489,0.8866455419828305,0.0,0.0,1,0.0,1
0.30194886986380287,0.7780824240487012,0.0,0.0,1,0.0,1
0.18081025199366305,0.930413490922491,0.0,0.0,1,0.0,1
0.2993741968642638,0.8851096127479631,0.0,0.0,1,0.0,1
0.2764616239319528,0.9553652253358259,0.0,0.0,1,0.0,1
0.25779776440941593,0.8548838321784022,0.0,0.0,1,0.0,1
0.27908522325192053,0.8435246099475016,0.0,0.0,1,0.0,1
0.25403856948783754,0.9813105724054952,0.0,0.0,1,0.0,1
0.18462168462479928,0.9836340954309069,0.0,0.0,1,0.0,1
0.20650912515399686,0.7729421633034959,0.0,0.0,1,0.0,1
0.30668096468027706,0.9618916398700934,0.0,0.0,1,0.0,1
0.18223021695011352,0.8496914545839589,0.0,0.0,1,0.0,1
0.24250613534912513,0.7624730364565421,0.0,0.0,1,0.0,1
0.2527936816553673,0.8038746967433127,0.0,0.0,1,0.0,1
0.20140798164222015,0.7704152840690642,0.0,0.0,1,0.0,1
0.34656838802720125,0.8653082886481687,0.0,0.0,1,0.0,1
0.29154889239488857,0.9638175377578286,0.0,0.0,1,0.0,1
0.24996541397719185,0.9004863194456014,0.0,0.0,1,0.0,1
0.2570975366532188,0.9301378201333454,0.0,0.0,1,0.0,1
0.3540103112245643,0.8673067532595715,0.0,0.0,1,0.0,1
0.31191086317397176,0.8672739004836385,0.0,0.0,1,0.0,1
0.15749096077392988,0.8907866116068222,0.0,0.0,1,0.0,1
0.21198116558404617,0.9494017839162521,0.0,0.0,1,0.0,1
0.15084734719489706,0.8165509869854595,0.0,0.0,1,0.0,1
0.2608992236642987,0.902637675768963,0.0,0.0,1,0.0,1
0.2282201396737698,0.7805048427645963,0.0,0.0,1,0.0,1
0.16497141984057784,0.9097236530055617,0.0,0.0,1,0.0,1
0.1840369967103588,0.9717888255928864,0.0,0.0,1,0.0,1
0.21661172702220594,0.7936393006951427,0.0,0.0,1,0.0,1
0.23215410991932384,0.8591050524639389,0.0,0.0,1,0.0,1
0.27629244026434197,0.9787747617971827,0.0,0.0,1,0.0,1
0.27428500813431156,0.9389733619119128,0.0,0.0,1,0.0,1
0.21879400703341903,0.9158376170893461,0.0,0.0,1,0.0,1
0.1509437415996206,0.9159944345060123,0.0,0.0,1,0.0,1
0.3134142946911924,0.9461716616744581,0.0,0.0,1,0.0,1
0.19046636799208555,0.7609490032178393,0.0,0.0,1,0.0,1
0.1891942204604134,0.9515399987898653,0.0,0.0,1,0.0,1
0.1973975402293064,0.940846164783935,0.0,0.0,1,0.0,1
0.3176512756029226,0.9041679973464987,0.0,0.0,1,0.0,1
0.2585902993539884,0.9530427032860131,0.0,0.0,1,0.0,1
0.17929828171920553,0.9189944682691837,0.0,0.0,1,0.0,1
0.33735556573288733,0.85026221960682,0.0,0.0,1,0.0,1
0.3184367189680791,0.8741590483616282,0.0,0.0,1,0.0,1
0.21766412848881556,0.8291720278899565,0.0,0.0,1,0.0,1
0.22440954748522907,0.8112585837532665,0.0,0.0,1,0.0,1
0.28800889005001584,0.8015113178738237,0.0,0.0,1,0.0,1
0.1636993548035329,0.871258938996947,0.0,0.0,1,0.0,1
0.18789976278877651,0.9793337562943976,0.0,0.0,1,0.0,1
0.29924920509900055,0.8301907035016657,0.0,0.0,1,0.0,1
0.22032054990150274,0.9595026300235362,0.0,0.0,1,0.0,1
0.15713829301056462,0.7885902099074678,0.0,0.0,1,0.0,1
0.22028046212366842,0.8114409977591979,0.0,0.0,1,0.0,1
0.2344735190486712,0.7946730759999356,0.0,0.0,1,0.0,1
0.28576655586891064,0.8506674817878894,0.0,0.0,1,0.0,1
0.2350497297127104,0.9106823032583129,0.0,0.0,1,0.0,1
0.35638671553839746,0.8816790559050903,0.0,0.0,1,0.0,1
0.20355466687511828,0.8732787138084035,0.0,0.0,1,0.0,1
0.34247212274648264,0.9926288845027151,0.0,0.0,1,0.0,1
0.26432984702420653,0.7994590280548839,0.0,0.0,1,0.0,1
0.2347551800330916,0.9299589016017572,0.0,0.0,1,0.0,1
0.20211121197930404,0.7582216531172995,0.0,0.0,1,0.0,1
0.21308204349204926,0.8928075300703218,0.0,0.0,1,0.0,1
0.2494827435029487,0.9227118974594006,0.0,0.0,1,0.0,1
0.2716423510685244,0.9861815686003728,0.0,0.0,1,0.0,1
0.2656695425941723,0.9782403996016118,0.0,0.0,1,0.0,1
0.2760598900712707,0.842980955993893,0.0,0.0,1,0.0,1
0.2642720526057315,0.7521473315457466,0.0,0.0,1,0.0,1
0.30056362219616184,0.8997671831907779,0.0,0.0,1,0.0,1
0.23204419640989027,0.844449457197828,0.0,0.0,1,0.0,1
0.3475653979505883,0.9398073499821679,0.0,0.0,1,0.0,1
0.3061509978078416,0.9830985869696726,0.0,0.0,1,0.0,1
0.34334231127268033,0.8597421550464377,0.0,0.0,1,0.0,1
0.2807498832674366,0.7543317493133889,0.0,0.0,1,0.0,1
0.15814196163365757,0.891215053496876,0.0,0.0,1,0.0,1
0.3571372538483226,0.9500069249316678,0.0,0.0,1,0.0,1
0.2972036284789732,0.7512792361710219,0.0,0.0,1,0.0,1
0.3076060800125064,0.9926328532400304,0.0,0.0,1,0.0,1
0.2589425274468184,0.8304980505675508,0.0,0.0,1,0.0,1
0.21062639087256785,0.8929494730515104,0.0,0.0,1,0.0,1
0.2073757617263604,0.798075098929939,0.0,0.0,1,0.0,1
0.35305104823929456,0.9580193533158007,0.0,0.0,1,0.0,1
0.35303511648549746,0.8252963982730974,0.0,0.0,1,0.0,1
0.1643109304009284,0.8135501442116937,0.0,0.0,1,0.0,1
0.1612442687923427,0.7522912940790398,0.0,0.0,1,0.0,1
0.35436915363108706,0.9922659474552045,0.0,0.0,1,0.0,1
0.15766499285908037,0.9366077227112694,0.0,0.0,1,0.0,1
0.17285222575109566,0.7545628904261574,0.0,0.0,1,0.0,1
0.3228013058258255,0.9950591647706613,0.0,0.0,1,0.0,1
0.17251039837114,0.9151976497654681,0.0,0.0,1,0.0,1
0.3571816271193965,0.7984643723774888,0.0,0.0,1,0.0,1
0.2652016574802861,0.8601418665274395,0.0,0.0,1,0.0,1
0.2934023663249145,0.8840551641871592,0.0,0.0,1,0.0,1
0.21934975117140026,0.9468111534847645,0.0,0.0,1,0.0,1
0.30441474859354395,0.8681874655405222,0.0,0.0,1,0.0,1
0.3048566423800892,0.8947079732813608,0.0,0.0,1,0.0,1
0.36302260932214603,0.919099270782527,0.0,0.0,1,0.0,1
0.20305809135026454,0.7509773995576068,0.0,0.0,1,0.0,1
0.15300508528272527,0.9974037716750106,0.0,0.0,1,0.0,1
0.3641395356698425,0.7672155430558788,0.0,0.0,1,0.0,1
0.22254129543630613,0.7643066394536971,0.0,0.0,1,0.0,1
0.23430621117091888,0.9830595586150804,0.0,0.0,1,0.0,1
0.32991186386147375,0.8551077357026852,0.0,0.0,1,0.0,1
0.23045816225493693,0.9486693682357593,0.0,0.0,1,0.0,1
0.20752423841584294,0.9574568635731753,0.0,0.0,1,0.0,1
0.3025995604838922,0.9617050715015976,0.0,0.0,1,0.0,1
0.3160269221909395,0.8405564394965902,0.0,0.0,1,0.0,1
0.25431881049065086,0.9034103609362244,0.0,0.0,1,0.0,1
0.3196789572483797,0.9266503951176224,0.0,0.0,1,0.0,1
0.3376470739343397,0.8839571915629937,0.0,0.0,1,0.0,1
0.2699328696227856,0.8838809725064901,0.0,0.0,1,0.0,1
0.22706086614992302,0.9557344955115361,0.0,0.0,1,0.0,1
0.3119617953624376,0.9978460742592717,0.0,0.0,1,0.0,1
0.18786331770852596,0.9154356605619012,0.0,0.0,1,0.0,1
0.31264012465679414,0.922463461877767,0.0,0.0,1,0.0,1
0.23843686643840073,0.8738514030870752,0.0,0.0,1,0.0,1
0.19860471442408378,0.8887230306967986,0.0,0.0,1,0.0,1
0.31608210217535687,0.7843602987572365,0.0,0.0,1,0.0,1
0.22264576106539713,0.9782373943470863,0.0,0.0,1,0.0,1
0.23580188411486724,0.9419199221763319,0.0,0.0,1,0.0,1
0.2777330690931714,0.8320117732055656,0.0,0.0,1,0.0,1
0.34003060680640845,0.938414750183958,0.0,0.0,1,0.0,1
0.1816431791119797,0.7878043835818396,0.0,0.0,1,0.0,1
0.3210465218826465,0.9915922925861927,0.0,0.0,1,0.0,1
0.29882591086519195,0.9579764394885207,0.0,0.0,1,0.0,1
0.33821876205272006,0.7754831805015259,0.0,0.0,1,0.0,1
0.3327688145429858,0.8172044609202467,0.0,0.0,1,0.0,1
0.3621706268436048,0.9821780623345453,0.0,0.0,1,0.0,1
0.23679706635852021,0.775316629069126,0.0,0.0,1,0.0,1
0.2376919338406336,0.861718485839741,0.0,0.0,1,0.0,1
0.33671256794568205,0.9424988571746442,0.0,0.0,1,0.0,1
0.349369521292017,0.8322524937815288,0.0,0.0,1,0.0,1
0.34676932391672183,0.9715523781424555,0.0,0.0,1,0.0,1
0.3110468311998258,0.9533459957894945,0.0,0.0,1,0.0,1
0.3004943432456641,0.9785425309126686,0.0,0.0,1,0.0,1
0.20588102357489435,0.95354711503563,0.0,0.0,1,0.0,1
0.22363233789714895,0.9496905935374444,0.0,0.0,1,0.0,1
0.2375162555853732,0.776099824852682,0.0,0.0,1,0.0,1
0.35396885588352056,0.7913980520952957,0.0,0.0,1,0.0,1
0.2968643153918463,0.9286999834139449,0.0,0.0,1,0.0,1
0.32401905383458934,0.9937216223713254,0.0,0.0,1,0.0,1
0.28841841442485017,0.8675969489363489,0.0,0.0,1,0.0,1
0.16308774086715053,0.9103706497855268,0.0,0.0,1,0.0,1
0.3458059361941874,0.9041406162583177,0.0,0.0,1,0.0,1
0.2740071050864946,0.8570072071917033,0.0,0.0,1,0.0,1
0.19090531179750905,0.9350590101369245,0.0,0.0,1,0.0,1
0.3481056943054749,0.7910383674929574,0.0,0.0,1,0.0,1
0.16645330996823887,0.7882400364295187,0.0,0.0,1,0.0,1
0.18644646398187867,0.9093132356550795,0.0,0.0,1,0.0,1
0.2995536962929328,0.8822777309181895,0.0,0.0,1,0.0,1
0.28355165621519896,0.9262152407045,0.0,0.0,1,0.0,1
0.24458979451154111,0.8343361970018727,0.0,0.0,1,0.0,1
0.30194289600241453,0.7912646463774167,0.0,0.0,1,0.0,1
0.18427565183627592,0.753156880509291,0.0,0.0,1,0.0,1
0.22779451842138662,0.944771110710955,0.0,0.0,1,0.0,1
0.20214081903537795,0.8054195957636617,0.0,0.0,1,0.0,1
0.27858664767838326,0.8987065722697607,0.0,0.0,1,0.0,1
0.15650025891271532,0.8057858934721883,0.0,0.0,1,0.0,1
0.20866213689139818,0.8350856818622449,0.0,0.0,1,0.0,1
0.23485934432359568,0.9177593983837787,0.0,0.0,1,0.0,1
0.3171510924096055,0.9888577330944129,0.0,0.0,1,0.0,1
0.36432322315990906,0.9495874055848426,0.0,0.0,1,0.0,1
0.15534908739815834,0.801080585707154,0.0,0.0,1,0.0,1
0.2768916190720039,0.8534060812536334,0.0,0.0,1,0.0,1
0.2623619147312941,0.979190880499024,0.0,0.0,1,0.0,1
0.223654586430402,0.945395525402823,0.0,0.0,1,0.0,1
0.3355726755325391,0.8951816971167103,0.0,0.0,1,0.0,1
0.29677310895244574,0.799532704533956,0.0,0.0,1,0.0,1
0.21215560277161893,0.832794691271394,0.0,0.0,1,0.0,1
0.3335457827874748,0.964728636655303,0.0,0.0,1,0.0,1
0.24859247924108413,0.9953514386595608,0.0,0.0,1,0.0,1
0.22499553923414514,0.8319908847231678,0.0,0.0,1,0.0,1
0.22700851447845216,0.8510758027970217,0.0,0.0,1,0.0,1
0.17148434648140048,0.8345308536646556,0.0,0.0,1,0.0,1
0.24982675626681655,0.9779865849129143,0.0,0.0,1,0.0,1
0.1890836484065329,0.8241112043887632,0.0,0.0,1,0.0,1
0.2575857510648657,0.9195689305493422,0.0,0.0,1,0.0,1
0.3456298517790214,0.822825988707956,0.0,0.0,1,0.0,1
0.33274593726227014,0.8813137067875487,0.0,0.0,1,0.0,1
0.20284884910630482,0.962086671206277,0.0,0.0,1,0.0,1
0.25195646140615124,0.8353645045888982,0.0,0.0,1,0.0,1
0.2762046767816624,0.9575125251691396,0.0,0.0,1,0.0,1
0.1509806958890874,0.9034814262827466,0.0,0.0,1,0.0,1
0.3022962519179479,0.8250837458545454,0.0,0.0,1,0.0,1
0.35186876431649056,0.8086118925548714,0.0,0.0,1,0.0,1
0.19828116430928827,0.7981057445123606,0.0,0.0,1,0.0,1
0.17795518387370204,0.9945259221006264,0.0,0.0,1,0.0,1
0.28550952317932854,0.8148074692513199,0.0,0.0,1,0.0,1
0.16436619578608858,0.8287223090630282,0.0,0.0,1,0.0,1
0.1799173779862273,0.9133052114806314,0.0,0.0,1,0.0,1
0.31255141899567457,0.9664533263906663,0.0,0.0,1,0.0,1
0.22984000963960258,0.8878847828882535,0.0,0.0,1,0.0,1
0.23255118175818568,0.8671603928273505,0.0,0.0,1,0.0,1
0.24973746164919497,0.896760720483985,0.0,0.0,1,0.0,1
0.2902662477169543,0.8978877918636697,0.0,0.0,1,0.0,1
0.1996995845085356,0.8266874272706236,0.0,0.0,1,0.0,1
0.3209547979201349,0.9392624281169331,0.0,0.0,1,0.0,1
0.35705379916078556,0.7987154511377409,0.0,0.0,1,0.0,1
0.18172914442322444,0.7549616348967307,0.0,0.0,1,0.0,1
0.22581532677092764,0.8738659887443307,0.0,0.0,1,0.0,1
0.24361897028054771,0.9139997408797229,0.0,0.0,1,0.0,1
0.2162732803677458,0.9762150499591395,0.0,0.0,1,0.0,1
0.21081985694338268,0.9794500019741769,0.0,0.0,1,0.0,1
0.2879943787921772,0.8481765881908767,0.0,0.0,1,0.0,1
0.263938583433414,0.8085886290360165,0.0,0.0,1,0.0,1
0.2364753070570756,0.9904790470424036,0.0,0.0,1,0.0,1
0.16949780311284776,0.8166789484851551,0.0,0.0,1,0.0,1
0.24253416806021733,0.9129853121238545,0.0,0.0,1,0.0,1
0.30456470121519363,0.8396031569441379,0.0,0.0,1,0.0,1
0.18233887209037442,0.9325878629649776,0.0,0.0,1,0.0,1
0.3498647546430669,0.8251429235537899,0.0,0.0,1,0.0,1
0.19338538764303376,0.7819621830093607,0.0,0.0,1,0.0,1
0.19140964093754692,0.8146009379880503,0.0,0.0,1,0.0,1
0.3177852587605017,0.8632706486839697,0.0,0.0,1,0.0,1
0.3166784605113506,0.8524904788190597,0.0,0.0,1,0.0,1
0.17608472588394547,0.952662768448951,0.0,0.0,1,0.0,1
0.31215622514825575,0.8749531886872529,0.0,0.0,1,0.0,1
0.3427200594663499,0.7692692403342454,0.0,0.0,1,0.0,1
0.1954668169367378,0.9092627280789722,0.0,0.0,1,0.0,1
0.15984955876274645,0.825066484814706,0.0,0.0,1,0.0,1
0.26394979717857336,0.7952957924713607,0.0,0.0,1,0.0,1
0.3628381447746061,0.8359893958410111,0.0,0.0,1,0.0,1
0.32593971868670013,0.8600012126325641,0.0,0.0,1,0.0,1
0.32048578579118514,0.9298641788157063,0.0,0.0,1,0.0,1
0.3271026062196701,0.8140744721590036,0.0,0.0,1,0.0,1
0.2734497885832742,0.8773043061118431,0.0,0.0,1,0.0,1
0.36493282493506085,0.7948767617197585,0.0,0.0,1,0.0,1
0.1982755214224549,0.9330166757133689,0.0,0.0,1,0.0,1
0.17541473119688664,0.8914168886889224,0.0,0.0,1,0.0,1
0.31921895678949513,0.8738484776670891,0.0,0.0,1,0.0,1
0.24494066325241304,0.9909316517670903,0.0,0.0,1,0.0,1
0.2748366783188751,0.7907853557058878,0.0,0.0,1,0.0,1
0.1780412821584428,0.8034112938207326,0.0,0.0,1,0.0,1
0.17636704097056155,0.970444699627335,0.0,0.0,1,0.0,1
0.22618205302313044,0.8328185167803166,0.0,0.0,1,0.0,1
0.26777860320252084,0.9713866416457525,0.0,0.0,1,0.0,1
0.18140243331633865,0.9121935407428071,0.0,0.0,1,0.0,1
0.24127825399612796,0.8826225126859518,0.0,0.0,1,0.0,1
0.19450780220430355,0.7716793588712909,0.0,0.0,1,0.0,1
0.3390454381902119,0.8879078440536107,0.0,0.0,1,0.0,1
0.23993874811310018,0.8953740001237522,0.0,0.0,1,0.0,1
0.33857770596635567,0.8190648515541776,0.0,0.0,1,0.0,1
0.22482915477480325,0.8057083275504703,0.0,0.0,1,0.0,1
0.30869350216360475,0.806731967302081,0.0,0.0,1,0.0,1
0.2517946423158084,0.827089452114127,0.0,0.0,1,0.0,1
0.23649455639250544,0.9565436354484456,0.0,0.0,1,0.0,1
0.29224209221905867,0.9580536502457225,0.0,0.0,1,0.0,1
0.2998830574659594,0.7752601233051174,0.0,0.0,1,0.0,1
0.3529782622270399,0.8066969075071855,0.0,0.0,1,0.0,1
0.24176847840570548,0.9953797187338621,0.0,0.0,1,0.0,1
0.28689726717046077,0.7626916164360572,0.0,0.0,1,0.0,1
0.15669091503757268,0.9175099959285256,0.0,0.0,1,0.0,1
0.2631557638153589,0.7678222759704763,0.0,0.0,1,0.0,1
0.1514309997482421,0.9883941872081117,0.0,0.0,1,0.0,1
0.2447436602389702,0.7963185149557588,0.0,0.0,1,0.0,1
0.3175716325581736,0.9418721741082481,0.0,0.0,1,0.0,1
0.2804918259763596,0.969837712535766,0.0,0.0,1,0.0,1
0.3290410786310528,0.7715545328820326,0.0,0.0,1,0.0,1
0.2622811587054065,0.9020595197789043,0.0,0.0,1,0.0,1
0.21645088954370412,0.7795312210221756,0.0,0.0,1,0.0,1
0.3305711079737917,0.8678932959474481,0.0,0.0,1,0.0,1
0.29371844633670474,0.9976725600011511,0.0,0.0,1,0.0,1
0.1883969496025577,0.8029171135892913,0.0,0.0,1,0.0,1
0.17430103808237526,0.8046024423075109,0.0,0.0,1,0.0,1
0.26671560209829925,0.8897419209154714,0.0,0.0,1,0.0,1
0.3559066004580151,0.8393829383203509,0.0,0.0,1,0.0,1
0.1930877192946217,0.7984884028406218,0.0,0.0,1,0.0,1
0.17636700309637582,0.8627109738616738,0.0,0.0,1,0.0,1
0.16886353764203552,0.8188403926362631,0.0,0.0,1,0.0,1
0.30631092599766024,0.7631468095034826,0.0,0.0,1,0.0,1
0.33707631132729493,0.8206307562624199,0.0,0.0,1,0.0,1
0.33875269834731325,0.9821336820077051,0.0,0.0,1,0.0,1
0.2827826378617791,0.7598526723138495,0.0,0.0,1,0.0,1
0.20551265290638882,0.9357405108823459,0.0,0.0,1,0.0,1
0.17956963718830016,0.8006766080533971,0.0,0.0,1,0.0,1
0.1527463583667471,0.8383381286529227,0.0,0.0,1,0.0,1
0.29641603869087796,0.9871075414385488,0.0,0.0,1,0.0,1
0.17044024515913414,0.7884177973959061,0.0,0.0,1,0.0,1
0.28556258749358987,0.8317342770495456,0.0,0.0,1,0.0,1
0.2702988465110326,0.9423141081084867,0.0,0.0,1,0.0,1
0.16659880270060515,0.95170822577614,0.0,0.0,1,0.0,1
0.16583636982511168,0.9798645083535674,0.0,0.0,1,0.0,1
0.30912867594165105,0.9712925949037245,0.0,0.0,1,0.0,1
0.34491391205702004,0.8888239721614877,0.0,0.0,1,0.0,1
0.19567787195038586,0.9213855522042265,0.0,0.0,1,0.0,1
0.3035044908561546,0.7778916879773313,0.0,0.0,1,0.0,1
0.28535181019927774,0.8044853588186545,0.0,0.0,1,0.0,1
0.3218634131239534,0.9819292243489846,0.0,0.0,1,0.0,1
0.1543192753965211,0.9201364129080325,0.0,0.0,1,0.0,1
0.28047170165223123,0.7590097862858625,0.0,0.0,1,0.0,1
0.25285657241932114,0.8538941130177701,0.0,0.0,1,0.0,1
0.19951779098461825,0.8523558145335969,0.0,0.0,1,0.0,1
0.19453835852079543,0.8104574836682059,0.0,0.0,1,0.0,1
0.29439915680826045,0.7803329575028783,0.0,0.0,1,0.0,1
0.34423639971659725,0.840770596603815,0.0,0.0,1,0.0,1
0.1620910101031455,0.7886579823603549,0.0,0.0,1,0.0,1
0.2687168974009123,0.8234967048007473,0.0,0.0,1,0.0,1
0.3489154500144124,0.9825580243770827,0.0,0.0,1,0.0,1
0.16304406080264525,0.8637734704485867,0.0,0.0,1,0.0,1
0.33680045231335953,0.9721696929193947,0.0,0.0,1,0.0,1
0.21365814641583114,0.9615229688113606,0.0,0.0,1,0.0,1
0.30896300555011624,0.9024287490737255,0.0,0.0,1,0.0,1
0.15065317508991896,0.9639989233282779,0.0,0.0,1,0.0,1
0.19758332865988898,0.9102129746583469,0.0,0.0,1,0.0,1
0.23351889967404083,0.956543955261493,0.0,0.0,1,0.0,1
0.33333662353753774,0.7592116104852522,0.0,0.0,1,0.0,1
0.3134287147689634,0.8355492240249521,0.0,0.0,1,0.0,1
0.36312381993906356,0.8846191049073453,0.0,0.0,1,0.0,1
0.28061522004573575,0.7559357261702148,0.0,0.0,1,0.0,1
0.2558156411731609,0.8320237431062134,0.0,0.0,1,0.0,1
0.3271906079656521,0.8930204178917817,0.0,0.0,1,0.0,1
0.3576338806587551,0.9864585677739008,0.0,0.0,1,0.0,1
0.26720713740286167,0.8229939621047265,0.0,0.0,1,0.0,1
0.3544032326525461,0.8969933981317243,0.0,0.0,1,0.0,1
0.20243041428180142,0.7839766342791251,0.0,0.0,1,0.0,1
0.3127344685096177,0.7682098166732452,0.0,0.0,1,0.0,1
0.17152800097061704,0.8214308173932507,0.0,0.0,1,0.0,1
0.22555800780457258,0.9557928713998123,0.0,0.0,1,0.0,1
0.2509673540186783,0.7578475980545839,0.0,0.0,1,0.0,1
0.2434646003073545,0.8407069358472617,0.0,0.0,1,0.0,1
0.1974421250497307,0.9542251352673272,0.0,0.0,1,0.0,1
0.25370003161896737,0.9911495786511535,0.0,0.0,1,0.0,1
0.22982668881975463,0.8944469544585831,0.0,0.0,1,0.0,1
0.33531500631411826,0.9993626765975874,0.0,0.0,1,0.0,1
0.283746392254983,0.8978658090201517,0.0,0.0,1,0.0,1
0.2163795435089484,0.7733458425807072,0.0,0.0,1,0.0,1
0.28083498193225487,0.7624344994833754,0.0,0.0,1,0.0,1
0.1706568364489875,0.9996941586320837,0.0,0.0,1,0.0,1
0.29702839864098807,0.7857912194030248,0.0,0.0,1,0.0,1
0.18131383905891751,0.8449475225931318,0.0,0.0,1,0.0,1
0.16738907162082298,0.8087263279089563,0.0,0.0,1,0.0,1
0.1665204344075476,0.8691668573435238,0.0,0.0,1,0.0,1
0.29485936312672206,0.8753683062865927,0.0,0.0,1,0.0,1
0.20310300054700822,0.8147609133166424,0.0,0.0,1,0.0,1
0.327422266775682,0.9849742821493952,0.0,0.0,1,0.0,1
0.23439005494491968,0.7757316133091031,0.0,0.0,1,0.0,1
0.1855315509609256,0.9758876277873441,0.0,0.0,1,0.0,1
0.16616499931329975,0.9112256768067306,0.0,0.0,1,0.0,1
0.2011473564635205,0.7684708767863597,0.0,0.0,1,0.0,1
0.3469715274748417,0.7615499726922386,0.0,0.0,1,0.0,1
0.24491159930513898,0.930439940514052,0.0,0.0,1,0.0,1
0.2601067101379318,0.9082726861322343,0.0,0.0,1,0.0,1
0.3370663049287498,0.8818764281467372,0.0,0.0,1,0.0,1
0.2995985386070582,0.8715651738124788,0.0,0.0,1,0.0,1
0.16458248113276822,0.9729511974999011,0.0,0.0,1,0.0,1
0.2864904946933879,0.8245113959905821,0.0,0.0,1,0.0,1
0.2577073412902648,0.8261515592742654,0.0,0.0,1,0.0,1
0.28058595366822486,0.769241537822841,0.0,0.0,1,0.0,1
0.3182791163866002,0.8155886225834108,0.0,0.0,1,0.0,1
0.19168746483983923,0.8207965027550196,0.0,0.0,1,0.0,1
0.1714817671766151,0.9474289498388399,0.0,0.0,1,0.0,1
0.17776483448887487,0.7855817762713395,0.0,0.0,1,0.0,1
0.21250193639650808,0.7892330892380444,0.0,0.0,1,0.0,1
0.27018500926054173,0.9268734213045428,0.0,0.0,1,0.0,1
0.22769318809464636,0.9824405575270821,0.0,0.0,1,0.0,1
0.22790187360225939,0.8436042078100573,0.0,0.0,1,0.0,1
0.2361597586676466,0.8527174979248038,0.0,0.0,1,0.0,1
0.2198738181904707,0.9283838500583723,0.0,0.0,1,0.0,1
0.31249041713088366,0.7944727650925343,0.0,0.0,1,0.0,1
0.19977994266711874,0.9607783356785797,0.0,0.0,1,0.0,1
0.365003270830102,0.8820821830729275,0.0,0.0,1,0.0,1
0.3165666578205764,0.9507412243105267,0.0,0.0,1,0.0,1
0.24861361204745186,0.8814753201416633,0.0,0.0,1,0.0,1
0.15891912492359617,0.8239694324146135,0.0,0.0,1,0.0,1
0.17751606516791835,0.750533186510101,0.0,0.0,1,0.0,1
0.1802128803217662,0.8450503822670744,0.0,0.0,1,0.0,1
0.32985497700841543,0.8644292116906146,0.0,0.0,1,0.0,1
0.17693675556100702,0.8412185952411309,0.0,0.0,1,0.0,1
0.1546946392117754,0.7614659396994485,0.0,0.0,1,0.0,1
0.16842641313028792,0.893116270487428,0.0,0.0,1,0.0,1
0.29493742748207435,0.7568166634248047,0.0,0.0,1,0.0,1
0.2468337082033503,0.801694278424658,0.0,0.0,1,0.0,1
0.1848483087997246,0.8208957185599621,0.0,0.0,1,0.0,1
0.2147200478176635,0.8840931771405126,0.0,0.0,1,0.0,1
0.3170828047952238,0.8901414633188365,0.0,0.0,1,0.0,1
0.36395397174689326,0.8969670272118697,0.0,0.0,1,0.0,1
0.21937662758941065,0.8841702603582174,0.0,0.0,1,0.0,1
0.26923249877655087,0.8807239696384559,0.0,0.0,1,0.0,1
0.344303383797787,0.817481712309806,0.0,0.0,1,0.0,1
0.23905526822358164,0.8081757955791171,0.0,0.0,1,0.0,1
0.27577882488681194,0.9183897744312723,0.0,0.0,1,0.0,1
0.3130146893630302,0.8195563485286157,0.0,0.0,1,0.0,1
0.2784181662213365,0.895824292893102,0.0,0.0,1,0.0,1
0.3313154526819341,0.8965311135332467,0.0,0.0,1,0.0,1
0.2917562356569965,0.7867809283063579,0.0,0.0,1,0.0,1
0.21444228390381184,0.8620673051521852,0.0,0.0,1,0.0,1
0.21675961140784158,0.9028463031347542,0.0,0.0,1,0.0,1
0.16092538267888173,0.7961530937107772,0.0,0.0,1,0.0,1
0.33722775387532483,0.9654807857245404,0.0,0.0,1,0.0,1
0.2758045749011719,0.844608730610195,0.0,0.0,1,0.0,1
0.23925274029345017,0.7749121195124952,0.0,0.0,1,0.0,1
0.16481703973240613,0.8351183426792875,0.0,0.0,1,0.0,1
0.1563220808297648,0.9667937194776405,0.0,0.0,1,0.0,1
0.19940461636253107,0.7622964265208769,0.0,0.0,1,0.0,1
0.26566722705722523,0.8799815812564225,0.0,0.0,1,0.0,1
0.20886693169349949,0.9241208651453376,0.0,0.0,1,0.0,1
0.26620174920922324,0.8533663042349546,0.0,0.0,1,0.0,1
0.18563745745513693,0.9681268780085811,0.0,0.0,1,0.0,1
0.3612287285515837,0.841614740966729,0.0,0.0,1,0.0,1
0.33559736377206545,0.9327383591947817,0.0,0.0,1,0.0,1
0.21807785618014452,0.8194944942655182,0.0,0.0,1,0.0,1
0.36027511672552726,0.9055674448921891,0.0,0.0,1,0.0,1
0.19179268959669857,0.8603646540525283,0.0,0.0,1,0.0,1
0.2177784432474888,0.8635719326837722,0.0,0.0,1,0.0,1
0.2652553737914247,0.8222572364492106,0.0,0.0,1,0.0,1
0.1837853325663984,0.9675074091308854,0.0,0.0,1,0.0,1
0.163123922055735,0.7507934383597734,0.0,0.0,1,0.0,1
0.31917577270689573,0.8383987252702814,0.0,0.0,1,0.0,1
0.20885895959033035,0.7735390695899331,0.0,0.0,1,0.0,1
0.224477956800347,0.8867193174242225,0.0,0.0,1,0.0,1
0.16842799940536285,0.9717274648238872,0.0,0.0,1,0.0,1
0.32179441685649524,0.9739794490865948,0.0,0.0,1,0.0,1
0.23129497663165052,0.8121615299974219,0.0,0.0,1,0.0,1
0.3248864936755602,0.9630513541678902,0.0,0.0,1,0.0,1
0.18775275198604244,0.8328119182990659,0.0,0.0,1,0.0,1
0.3602594247599742,0.8039674231601193,0.0,0.0,1,0.0,1
0.2069592802506886,0.9290169517323287,0.0,0.0,1,0.0,1
0.23394164487093033,0.8736228780700319,0.0,0.0,1,0.0,1
0.29759585146249534,0.9701749636063152,0.0,0.0,1,0.0,1
0.18363551090814123,0.8873971056128371,0.0,0.0,1,0.0,1
0.2777449324938296,0.7933442000353189,0.0,0.0,1,0.0,1
0.23697017278494875,0.8663309214466645,0.0,0.0,1,0.0,1
0.2322121034321467,0.7872075914795005,0.0,0.0,1,0.0,1
0.1783742862816599,0.8506105711589212,0.0,0.0,1,0.0,1
0.26210462772772214,0.789133529364421,0.0,0.0,1,0.0,1
0.32372623126378586,0.8482939041527002,0.0,0.0,1,0.0,1
0.17663591681863522,0.8742711320837269,0.0,0.0,1,0.0,1
0.2424574529404447,0.9532215521664171,0.0,0.0,1,0.0,1
0.19280633668717181,0.9450181748906061,0.0,0.0,1,0.0,1
0.307526844002445,0.9336602910879509,0.0,0.0,1,0.0,1
0.2536414651209905,0.9242790702480121,0.0,0.0,1,0.0,1
0.24913640877615706,0.8122654908339617,0.0,0.0,1,0.0,1
0.34517688900083077,0.8419571045837364,0.0,0.0,1,0.0,1
0.17502920905096186,0.7949108907136029,0.0,0.0,1,0.0,1
0.15577870439843675,0.8525615237115243,0.0,0.0,1,0.0,1
0.24286437678462142,0.8005423831178065,0.0,0.0,1,0.0,1
0.2131785318752101,0.8749702298297412,0.0,0.0,1,0.0,1
0.1975948736023444,0.7791853980031652,0.0,0.0,1,0.0,1
0.3169011565251135,0.8801500125874004,0.0,0.0,1,0.0,1
0.17599094827597309,0.7908610439459476,0.0,0.0,1,0.0,1
0.23686965167558172,0.9546379191749508,0.0,0.0,1,0.0,1
0.29655651839832337,0.9040537936010542,0.0,0.0,1,0.0,1
0.22924449632373203,0.8661118322628389,0.0,0.0,1,0.0,1
0.3169290430621306,0.9876303796951602,0.0,0.0,1,0.0,1
0.31800653358845077,0.7652838213266158,0.0,0.0,1,0.0,1
0.1890241913064722,0.7787425876609129,0.0,0.0,1,0.0,1
0.30264288816440055,0.9998897839239798,0.0,0.0,1,0.0,1
0.16106397314693127,0.8549001779223522,0.0,0.0,1,0.0,1
0.17856324106384847,0.7993210625316637,0.0,0.0,1,0.0,1
0.19014371622714837,0.7795563176744178,0.0,0.0,1,0.0,1
0.2418891082139908,0.835380458559799,0.0,0.0,1,0.0,1
0.33606166247217506,0.7588066701867372,0.0,0.0,1,0.0,1
0.24012389325178607,0.8003576435592704,0.0,0.0,1,0.0,1
0.17835353364288128,0.9573911568825304,0.0,0.0,1,0.0,1
0.2608594647213182,0.8100873103475621,0.0,0.0,1,0.0,1
0.22029422842587,0.7652864080943121,0.0,0.0,1,0.0,1
0.3650435850078044,0.9984879577883593,0.0,0.0,1,0.0,1
0.21768662960009666,0.9382634584289385,0.0,0.0,1,0.0,1
0.26522928803539647,0.7654775760806486,0.0,0.0,1,0.0,1
0.3306268274137629,0.9341043430241435,0.0,0.0,1,0.0,1
0.2951282429745532,0.9959353229302527,0.0,0.0,1,0.0,1
0.16209341039508685,0.8503760184730104,0.0,0.0,1,0.0,1
0.22387555146130178,0.9110454525296846,0.0,0.0,1,0.0,1
0.1630034732199692,0.7873769642974118,0.0,0.0,1,0.0,1
0.34507631222327384,0.9948741054905287,0.0,0.0,1,0.0,1
0.2194249128851406,0.8163627210945454,0.0,0.0,1,0.0,1
0.19611777629283894,0.8401524996746073,0.0,0.0,1,0.0,1
0.1983613472342617,0.8064729247614886,0.0,0.0,1,0.0,1
0.2533671680763325,0.8859510107371422,0.0,0.0,1,0.0,1
0.3114091957880797,0.9669321464699664,0.0,0.0,1,0.0,1
0.2272089109178353,0.7807482175941718,0.0,0.0,1,0.0,1
0.33850171772171467,0.8714951572135863,0.0,0.0,1,0.0,1
0.3596213653536646,0.921231530755685,0.0,0.0,1,0.0,1
0.16023037171513335,0.947520585357045,0.0,0.0,1,0.0,1
0.1962231216665144,0.80127809103234,0.0,0.0,1,0.0,1
0.1802038300295568,0.7638531561053803,0.0,0.0,1,0.0,1
0.2858995133711859,0.7525014303085209,0.0,0.0,1,0.0,1
0.2692939343769333,0.8578414202820014,0.0,0.0,1,0.0,1
0.19727358886629331,0.8829591033917088,0.0,0.0,1,0.0,1
0.3390437433537119,0.949989233471104,0.0,0.0,1,0.0,1
0.19164632206405158,0.9252973083276583,0.0,0.0,1,0.0,1
0.19723137483511624,0.9260424711747074,0.0,0.0,1,0.0,1
0.3344346585241421,0.9445831578305014,0.0,0.0,1,0.0,1
0.36121359292144456,0.8758796552702699,0.0,0.0,1,0.0,1
0.265293413997201,0.8363770358769722,0.0,0.0,1,0.0,1
0.1861322411411211,0.9216059238936278,0.0,0.0,1,0.0,1
0.18913864508326295,0.7759010525605925,0.0,0.0,1,0.0,1
0.2143569648497875,0.8469879640823141,0.0,0.0,1,0.0,1
0.2577661225669851,0.8530266621895886,0.0,0.0,1,0.0,1
0.2074989103602627,0.905806770346091,0.0,0.0,1,0.0,1
0.2904459031487646,0.7901437853293943,0.0,0.0,1,0.0,1
0.21575413785496314,0.9197297686742868,0.0,0.0,1,0.0,1
0.175155433555157,0.8493548818532073,0.0,0.0,1,0.0,1
0.34891340746897115,0.9348067061578955,0.0,0.0,1,0.0,1
0.2831386798154306,0.8305691155019371,0.0,0.0,1,0.0,1
0.3430816532882093,0.7556234221640673,0.0,0.0,1,0.0,1
0.26273816789310606,0.9608302514394973,0.0,0.0,1,0.0,1
0.25410408631053594,0.9616651522205425,0.0,0.0,1,0.0,1
0.22001869747808372,0.8120526189011699,0.0,0.0,1,0.0,1
